sample_id,metric_kind,metric,direction,dimension,reference_quantile,reference_betti,reconstruction_betti,absolute_count_error,value
trajectory_000000:8000,self,self.CO,sublevel,h0,0.1,1,8,7,
trajectory_000000:8000,self,self.CO,sublevel,h0,0.25,1,8,7,
trajectory_000000:8000,self,self.CO,sublevel,h0,0.5,1,14,13,
trajectory_000000:8000,self,self.CO,sublevel,h0,0.75,3,2,1,
trajectory_000000:8000,self,self.CO,sublevel,h0,0.9,3,3,0,
trajectory_000000:8000,self,self.CO,sublevel,h1,0.1,0,1,1,
trajectory_000000:8000,self,self.CO,sublevel,h1,0.25,0,1,1,
trajectory_000000:8000,self,self.CO,sublevel,h1,0.5,0,2,2,
trajectory_000000:8000,self,self.CO,sublevel,h1,0.75,1,1,0,
trajectory_000000:8000,self,self.CO,sublevel,h1,0.9,4,6,2,
trajectory_000000:8000,self,self.T,sublevel,h0,0.1,2,3,1,
trajectory_000000:8000,self,self.T,sublevel,h0,0.25,2,6,4,
trajectory_000000:8000,self,self.T,sublevel,h0,0.5,1,6,5,
trajectory_000000:8000,self,self.T,sublevel,h0,0.75,2,2,0,
trajectory_000000:8000,self,self.T,sublevel,h0,0.9,1,3,2,
trajectory_000000:8000,self,self.T,sublevel,h1,0.1,0,0,0,
trajectory_000000:8000,self,self.T,sublevel,h1,0.25,0,0,0,
trajectory_000000:8000,self,self.T,sublevel,h1,0.5,1,3,2,
trajectory_000000:8000,self,self.T,sublevel,h1,0.75,2,1,1,
trajectory_000000:8000,self,self.T,sublevel,h1,0.9,0,4,4,
trajectory_000000:8000,mutual,mutual.CO+T,sublevel,h0,0.1,2,3,1,
trajectory_000000:8000,mutual,mutual.CO+T,sublevel,h0,0.25,2,6,4,
trajectory_000000:8000,mutual,mutual.CO+T,sublevel,h0,0.5,1,6,5,
trajectory_000000:8000,mutual,mutual.CO+T,sublevel,h0,0.75,10,6,4,
trajectory_000000:8000,mutual,mutual.CO+T,sublevel,h0,0.9,2,1,1,
trajectory_000000:8000,mutual,mutual.CO+T,sublevel,h1,0.1,0,0,0,
trajectory_000000:8000,mutual,mutual.CO+T,sublevel,h1,0.25,0,0,0,
trajectory_000000:8000,mutual,mutual.CO+T,sublevel,h1,0.5,1,3,2,
trajectory_000000:8000,mutual,mutual.CO+T,sublevel,h1,0.75,3,6,3,
trajectory_000000:8000,mutual,mutual.CO+T,sublevel,h1,0.9,10,8,2,
trajectory_000000:8000,mutual,mutual.CO+T,sublevel,h0,0.1,1,8,7,
trajectory_000000:8000,mutual,mutual.CO+T,sublevel,h0,0.25,1,8,7,
trajectory_000000:8000,mutual,mutual.CO+T,sublevel,h0,0.5,1,14,13,
trajectory_000000:8000,mutual,mutual.CO+T,sublevel,h0,0.75,11,6,5,
trajectory_000000:8000,mutual,mutual.CO+T,sublevel,h0,0.9,2,2,0,
trajectory_000000:8000,mutual,mutual.CO+T,sublevel,h1,0.1,0,1,1,
trajectory_000000:8000,mutual,mutual.CO+T,sublevel,h1,0.25,0,1,1,
trajectory_000000:8000,mutual,mutual.CO+T,sublevel,h1,0.5,0,2,2,
trajectory_000000:8000,mutual,mutual.CO+T,sublevel,h1,0.75,4,5,1,
trajectory_000000:8000,mutual,mutual.CO+T,sublevel,h1,0.9,12,11,1,
trajectory_000000:8000,mutual,mutual.CO+T,sublevel,h0,0.1,2,5,3,
trajectory_000000:8000,mutual,mutual.CO+T,sublevel,h0,0.25,2,6,4,
trajectory_000000:8000,mutual,mutual.CO+T,sublevel,h0,0.5,1,6,5,
trajectory_000000:8000,mutual,mutual.CO+T,sublevel,h0,0.75,3,3,0,
trajectory_000000:8000,mutual,mutual.CO+T,sublevel,h0,0.9,3,3,0,
trajectory_000000:8000,mutual,mutual.CO+T,sublevel,h1,0.1,0,0,0,
trajectory_000000:8000,mutual,mutual.CO+T,sublevel,h1,0.25,0,0,0,
trajectory_000000:8000,mutual,mutual.CO+T,sublevel,h1,0.5,1,3,2,
trajectory_000000:8000,mutual,mutual.CO+T,sublevel,h1,0.75,2,1,1,
trajectory_000000:8000,mutual,mutual.CO+T,sublevel,h1,0.9,4,6,2,
trajectory_000000:8000,self,self.CO,superlevel,h0,0.1,4,10,6,
trajectory_000000:8000,self,self.CO,superlevel,h0,0.25,3,2,1,
trajectory_000000:8000,self,self.CO,superlevel,h0,0.5,1,3,2,
trajectory_000000:8000,self,self.CO,superlevel,h0,0.75,6,2,4,
trajectory_000000:8000,self,self.CO,superlevel,h0,0.9,6,2,4,
trajectory_000000:8000,self,self.CO,superlevel,h1,0.1,2,2,0,
trajectory_000000:8000,self,self.CO,superlevel,h1,0.25,2,1,1,
trajectory_000000:8000,self,self.CO,superlevel,h1,0.5,0,9,9,
trajectory_000000:8000,self,self.CO,superlevel,h1,0.75,115,6,109,
trajectory_000000:8000,self,self.CO,superlevel,h1,0.9,115,6,109,
trajectory_000000:8000,self,self.T,superlevel,h0,0.1,1,6,5,
trajectory_000000:8000,self,self.T,superlevel,h0,0.25,3,2,1,
trajectory_000000:8000,self,self.T,superlevel,h0,0.5,3,8,5,
trajectory_000000:8000,self,self.T,superlevel,h0,0.75,1,3,2,
trajectory_000000:8000,self,self.T,superlevel,h0,0.9,1,2,1,
trajectory_000000:8000,self,self.T,superlevel,h1,0.1,0,0,0,
trajectory_000000:8000,self,self.T,superlevel,h1,0.25,0,1,1,
trajectory_000000:8000,self,self.T,superlevel,h1,0.5,0,2,2,
trajectory_000000:8000,self,self.T,superlevel,h1,0.75,0,3,3,
trajectory_000000:8000,self,self.T,superlevel,h1,0.9,1,1,0,
trajectory_000000:8000,mutual,mutual.CO+T,superlevel,h0,0.1,3,2,1,
trajectory_000000:8000,mutual,mutual.CO+T,superlevel,h0,0.25,7,2,5,
trajectory_000000:8000,mutual,mutual.CO+T,superlevel,h0,0.5,3,8,5,
trajectory_000000:8000,mutual,mutual.CO+T,superlevel,h0,0.75,1,3,2,
trajectory_000000:8000,mutual,mutual.CO+T,superlevel,h0,0.9,1,2,1,
trajectory_000000:8000,mutual,mutual.CO+T,superlevel,h1,0.1,0,0,0,
trajectory_000000:8000,mutual,mutual.CO+T,superlevel,h1,0.25,0,0,0,
trajectory_000000:8000,mutual,mutual.CO+T,superlevel,h1,0.5,0,2,2,
trajectory_000000:8000,mutual,mutual.CO+T,superlevel,h1,0.75,0,3,3,
trajectory_000000:8000,mutual,mutual.CO+T,superlevel,h1,0.9,1,1,0,
trajectory_000000:8000,mutual,mutual.CO+T,superlevel,h0,0.1,8,11,3,
trajectory_000000:8000,mutual,mutual.CO+T,superlevel,h0,0.25,4,1,3,
trajectory_000000:8000,mutual,mutual.CO+T,superlevel,h0,0.5,3,8,5,
trajectory_000000:8000,mutual,mutual.CO+T,superlevel,h0,0.75,1,3,2,
trajectory_000000:8000,mutual,mutual.CO+T,superlevel,h0,0.9,1,2,1,
trajectory_000000:8000,mutual,mutual.CO+T,superlevel,h1,0.1,2,0,2,
trajectory_000000:8000,mutual,mutual.CO+T,superlevel,h1,0.25,0,1,1,
trajectory_000000:8000,mutual,mutual.CO+T,superlevel,h1,0.5,0,2,2,
trajectory_000000:8000,mutual,mutual.CO+T,superlevel,h1,0.75,0,3,3,
trajectory_000000:8000,mutual,mutual.CO+T,superlevel,h1,0.9,1,1,0,
trajectory_000000:8000,mutual,mutual.CO+T,superlevel,h0,0.1,4,7,3,
trajectory_000000:8000,mutual,mutual.CO+T,superlevel,h0,0.25,4,2,2,
trajectory_000000:8000,mutual,mutual.CO+T,superlevel,h0,0.5,1,3,2,
trajectory_000000:8000,mutual,mutual.CO+T,superlevel,h0,0.75,6,2,4,
trajectory_000000:8000,mutual,mutual.CO+T,superlevel,h0,0.9,6,2,4,
trajectory_000000:8000,mutual,mutual.CO+T,superlevel,h1,0.1,0,1,1,
trajectory_000000:8000,mutual,mutual.CO+T,superlevel,h1,0.25,0,0,0,
trajectory_000000:8000,mutual,mutual.CO+T,superlevel,h1,0.5,0,9,9,
trajectory_000000:8000,mutual,mutual.CO+T,superlevel,h1,0.75,115,6,109,
trajectory_000000:8000,mutual,mutual.CO+T,superlevel,h1,0.9,115,6,109,
trajectory_000000:8000,persistence_distance,topology.self.persistence,,,,,,,0.004998255055397749
trajectory_000000:8000,persistence_distance,topology.mutual.persistence,,,,,,,0.0006289224838837981
trajectory_000000:8000,persistence_distance,topology.component_weighted_total_before_outer_family_weight,,,,,,,0.005627177655696869
trajectory_000000:8000,dimension_distance_diagnostic,topology.self.CO.h0,,,,,,,0.01855326257646084
trajectory_000000:8000,dimension_distance_diagnostic,topology.self.CO.h1,,,,,,,0.000563128967769444
trajectory_000000:8000,dimension_distance_diagnostic,topology.self.T.h0,,,,,,,0.0007415759610012174
trajectory_000000:8000,dimension_distance_diagnostic,topology.self.T.h1,,,,,,,0.00013505364768207073
trajectory_000000:8000,dimension_distance_diagnostic,topology.mutual.CO+T.h0,,,,,,,0.0007893576403148472
trajectory_000000:8000,dimension_distance_diagnostic,topology.mutual.CO+T.h1,,,,,,,0.0004684871528297663
