sample_id,component,sub_term,value
trajectory_000000:8000,marginal,CH4,0.002340783132240176
trajectory_000000:8000,marginal,CO,0.00972391664981842
trajectory_000000:8000,marginal,T,0.002223766641691327
trajectory_000000:8000,marginal,U_1,0.0056913383305072784
trajectory_000000:8000,marginal,p,0.0018924764590337873
trajectory_000000:8000,pairwise,CH4–CO,0.004393462557345629
trajectory_000000:8000,pairwise,CH4–T,0.0018472829833626747
trajectory_000000:8000,pairwise,CH4–U_1,0.0026720724999904633
trajectory_000000:8000,pairwise,CH4–p,0.002050752518698573
trajectory_000000:8000,pairwise,CO–T,0.005789944902062416
trajectory_000000:8000,pairwise,CO–U_1,0.006373541429638863
trajectory_000000:8000,pairwise,CO–p,0.0045004370622336864
trajectory_000000:8000,pairwise,T–U_1,0.003953586332499981
trajectory_000000:8000,pairwise,T–p,0.0017620825674384832
trajectory_000000:8000,pairwise,U_1–p,0.004409987945109606
trajectory_000000:8000,joint_top_tail,all_fields,0.008595621213316917
trajectory_000000:8000,marginal,weighted_component_total,0.004374456126242876
trajectory_000000:8000,pairwise,weighted_component_total,0.0037753148935735226
trajectory_000000:8000,joint_top_tail,weighted_component_total,0.008595621213316917
trajectory_000000:8000,global_distribution,family_total,0.016745392233133316
trajectory_000000:8015,marginal,CH4,0.0020258366130292416
trajectory_000000:8015,marginal,CO,0.005582728423178196
trajectory_000000:8015,marginal,T,0.006111050955951214
trajectory_000000:8015,marginal,U_1,0.15786968171596527
trajectory_000000:8015,marginal,p,0.9032085537910461
trajectory_000000:8015,pairwise,CH4–CO,0.003006772371008992
trajectory_000000:8015,pairwise,CH4–T,0.004143532831221819
trajectory_000000:8015,pairwise,CH4–U_1,0.06155354529619217
trajectory_000000:8015,pairwise,CH4–p,0.6701333522796631
trajectory_000000:8015,pairwise,CO–T,0.005340013187378645
trajectory_000000:8015,pairwise,CO–U_1,0.04505813494324684
trajectory_000000:8015,pairwise,CO–p,0.4858703315258026
trajectory_000000:8015,pairwise,T–U_1,0.10263846069574356
trajectory_000000:8015,pairwise,T–p,0.33067697286605835
trajectory_000000:8015,pairwise,U_1–p,0.4229351878166199
trajectory_000000:8015,joint_top_tail,all_fields,0.8250343799591064
trajectory_000000:8015,marginal,weighted_component_total,0.21495956182479858
trajectory_000000:8015,pairwise,weighted_component_total,0.21313562989234924
trajectory_000000:8015,joint_top_tail,weighted_component_total,0.8250343799591064
trajectory_000000:8015,global_distribution,family_total,1.2531296014785767
trajectory_000000:8031,marginal,CH4,0.007575987838208675
trajectory_000000:8031,marginal,CO,0.03258534520864487
trajectory_000000:8031,marginal,T,0.017437638714909554
trajectory_000000:8031,marginal,U_1,0.192830428481102
trajectory_000000:8031,marginal,p,0.36021876335144043
trajectory_000000:8031,pairwise,CH4–CO,0.019136488437652588
trajectory_000000:8031,pairwise,CH4–T,0.016308533027768135
trajectory_000000:8031,pairwise,CH4–U_1,0.07625988125801086
trajectory_000000:8031,pairwise,CH4–p,0.28627321124076843
trajectory_000000:8031,pairwise,CO–T,0.02706933580338955
trajectory_000000:8031,pairwise,CO–U_1,0.08828433603048325
trajectory_000000:8031,pairwise,CO–p,0.21803925931453705
trajectory_000000:8031,pairwise,T–U_1,0.1307411789894104
trajectory_000000:8031,pairwise,T–p,0.15347141027450562
trajectory_000000:8031,pairwise,U_1–p,0.32107481360435486
trajectory_000000:8031,joint_top_tail,all_fields,0.35212916135787964
trajectory_000000:8031,marginal,weighted_component_total,0.12212963402271271
trajectory_000000:8031,pairwise,weighted_component_total,0.13366584479808807
trajectory_000000:8031,joint_top_tail,weighted_component_total,0.35212916135787964
trajectory_000000:8031,global_distribution,family_total,0.6079246401786804
trajectory_000000:8047,marginal,CH4,0.025768695399165154
trajectory_000000:8047,marginal,CO,0.02318521775305271
trajectory_000000:8047,marginal,T,0.023681772872805595
trajectory_000000:8047,marginal,U_1,0.26488861441612244
trajectory_000000:8047,marginal,p,0.060454439371824265
trajectory_000000:8047,pairwise,CH4–CO,0.022983621805906296
trajectory_000000:8047,pairwise,CH4–T,0.029669392853975296
trajectory_000000:8047,pairwise,CH4–U_1,0.1008961945772171
trajectory_000000:8047,pairwise,CH4–p,0.04488663747906685
trajectory_000000:8047,pairwise,CO–T,0.02475208044052124
trajectory_000000:8047,pairwise,CO–U_1,0.0791591927409172
trajectory_000000:8047,pairwise,CO–p,0.05446137115359306
trajectory_000000:8047,pairwise,T–U_1,0.15758301317691803
trajectory_000000:8047,pairwise,T–p,0.04417622834444046
trajectory_000000:8047,pairwise,U_1–p,0.1621769219636917
trajectory_000000:8047,joint_top_tail,all_fields,0.19756728410720825
trajectory_000000:8047,marginal,weighted_component_total,0.07959574460983276
trajectory_000000:8047,pairwise,weighted_component_total,0.07207446545362473
trajectory_000000:8047,joint_top_tail,weighted_component_total,0.19756728410720825
trajectory_000000:8047,global_distribution,family_total,0.34923750162124634
trajectory_000000:8063,marginal,CH4,0.009041720069944859
trajectory_000000:8063,marginal,CO,0.025597678497433662
trajectory_000000:8063,marginal,T,0.01815658248960972
trajectory_000000:8063,marginal,U_1,0.13244463503360748
trajectory_000000:8063,marginal,p,0.27762264013290405
trajectory_000000:8063,pairwise,CH4–CO,0.015329038724303246
trajectory_000000:8063,pairwise,CH4–T,0.017619404941797256
trajectory_000000:8063,pairwise,CH4–U_1,0.05098551884293556
trajectory_000000:8063,pairwise,CH4–p,0.21416640281677246
trajectory_000000:8063,pairwise,CO–T,0.0226911548525095
trajectory_000000:8063,pairwise,CO–U_1,0.04486702382564545
trajectory_000000:8063,pairwise,CO–p,0.16299965977668762
trajectory_000000:8063,pairwise,T–U_1,0.08510668575763702
trajectory_000000:8063,pairwise,T–p,0.1066218912601471
trajectory_000000:8063,pairwise,U_1–p,0.21429014205932617
trajectory_000000:8063,joint_top_tail,all_fields,0.23684071004390717
trajectory_000000:8063,marginal,weighted_component_total,0.0925726592540741
trajectory_000000:8063,pairwise,weighted_component_total,0.09346768260002136
trajectory_000000:8063,joint_top_tail,weighted_component_total,0.23684071004390717
trajectory_000000:8063,global_distribution,family_total,0.4228810667991638
trajectory_000000:8079,marginal,CH4,0.015093321911990643
trajectory_000000:8079,marginal,CO,0.011252623982727528
trajectory_000000:8079,marginal,T,0.017367597669363022
trajectory_000000:8079,marginal,U_1,0.06573925167322159
trajectory_000000:8079,marginal,p,0.05775182321667671
trajectory_000000:8079,pairwise,CH4–CO,0.011269559152424335
trajectory_000000:8079,pairwise,CH4–T,0.019274882972240448
trajectory_000000:8079,pairwise,CH4–U_1,0.03006906993687153
trajectory_000000:8079,pairwise,CH4–p,0.034987155348062515
trajectory_000000:8079,pairwise,CO–T,0.01730959489941597
trajectory_000000:8079,pairwise,CO–U_1,0.02382975071668625
trajectory_000000:8079,pairwise,CO–p,0.030243489891290665
trajectory_000000:8079,pairwise,T–U_1,0.04530699923634529
trajectory_000000:8079,pairwise,T–p,0.025459781289100647
trajectory_000000:8079,pairwise,U_1–p,0.055604562163352966
trajectory_000000:8079,joint_top_tail,all_fields,0.0617455393075943
trajectory_000000:8079,marginal,weighted_component_total,0.03344092518091202
trajectory_000000:8079,pairwise,weighted_component_total,0.02933548390865326
trajectory_000000:8079,joint_top_tail,weighted_component_total,0.0617455393075943
trajectory_000000:8079,global_distribution,family_total,0.12452194839715958
trajectory_000000:8095,marginal,CH4,0.021758753806352615
trajectory_000000:8095,marginal,CO,0.05092979595065117
trajectory_000000:8095,marginal,T,0.0258041862398386
trajectory_000000:8095,marginal,U_1,0.06675084680318832
trajectory_000000:8095,marginal,p,0.35907846689224243
trajectory_000000:8095,pairwise,CH4–CO,0.02890228107571602
trajectory_000000:8095,pairwise,CH4–T,0.029327284544706345
trajectory_000000:8095,pairwise,CH4–U_1,0.03167333826422691
trajectory_000000:8095,pairwise,CH4–p,0.27756184339523315
trajectory_000000:8095,pairwise,CO–T,0.03277536854147911
trajectory_000000:8095,pairwise,CO–U_1,0.03014202043414116
trajectory_000000:8095,pairwise,CO–p,0.21480922400951385
trajectory_000000:8095,pairwise,T–U_1,0.04537993296980858
trajectory_000000:8095,pairwise,T–p,0.1486499011516571
trajectory_000000:8095,pairwise,U_1–p,0.1524972766637802
trajectory_000000:8095,joint_top_tail,all_fields,0.30119290947914124
trajectory_000000:8095,marginal,weighted_component_total,0.10486440360546112
trajectory_000000:8095,pairwise,weighted_component_total,0.09917183965444565
trajectory_000000:8095,joint_top_tail,weighted_component_total,0.30119290947914124
trajectory_000000:8095,global_distribution,family_total,0.505229115486145
trajectory_000000:8111,marginal,CH4,0.012704208493232727
trajectory_000000:8111,marginal,CO,0.0998292863368988
trajectory_000000:8111,marginal,T,0.011731648817658424
trajectory_000000:8111,marginal,U_1,0.032014086842536926
trajectory_000000:8111,marginal,p,0.03999442607164383
trajectory_000000:8111,pairwise,CH4–CO,0.04308818653225899
trajectory_000000:8111,pairwise,CH4–T,0.011208069510757923
trajectory_000000:8111,pairwise,CH4–U_1,0.017385128885507584
trajectory_000000:8111,pairwise,CH4–p,0.02952222339808941
trajectory_000000:8111,pairwise,CO–T,0.05169891193509102
trajectory_000000:8111,pairwise,CO–U_1,0.06298740208148956
trajectory_000000:8111,pairwise,CO–p,0.06418702006340027
trajectory_000000:8111,pairwise,T–U_1,0.024965528398752213
trajectory_000000:8111,pairwise,T–p,0.01960662752389908
trajectory_000000:8111,pairwise,U_1–p,0.03057871200144291
trajectory_000000:8111,joint_top_tail,all_fields,0.08663542568683624
trajectory_000000:8111,marginal,weighted_component_total,0.03925473242998123
trajectory_000000:8111,pairwise,weighted_component_total,0.03552278131246567
trajectory_000000:8111,joint_top_tail,weighted_component_total,0.08663542568683624
trajectory_000000:8111,global_distribution,family_total,0.16141293942928314
trajectory_000000:8126,marginal,CH4,0.0250873900949955
trajectory_000000:8126,marginal,CO,0.03972947970032692
trajectory_000000:8126,marginal,T,0.01419979240745306
trajectory_000000:8126,marginal,U_1,0.022321918979287148
trajectory_000000:8126,marginal,p,0.48632046580314636
trajectory_000000:8126,pairwise,CH4–CO,0.02089892327785492
trajectory_000000:8126,pairwise,CH4–T,0.016222454607486725
trajectory_000000:8126,pairwise,CH4–U_1,0.01472555473446846
trajectory_000000:8126,pairwise,CH4–p,0.37184983491897583
trajectory_000000:8126,pairwise,CO–T,0.024894988164305687
trajectory_000000:8126,pairwise,CO–U_1,0.02449687011539936
trajectory_000000:8126,pairwise,CO–p,0.28330305218696594
trajectory_000000:8126,pairwise,T–U_1,0.01749659888446331
trajectory_000000:8126,pairwise,T–p,0.17972593009471893
trajectory_000000:8126,pairwise,U_1–p,0.240312397480011
trajectory_000000:8126,joint_top_tail,all_fields,0.41863560676574707
trajectory_000000:8126,marginal,weighted_component_total,0.11753180623054504
trajectory_000000:8126,pairwise,weighted_component_total,0.11939265578985214
trajectory_000000:8126,joint_top_tail,weighted_component_total,0.41863560676574707
trajectory_000000:8126,global_distribution,family_total,0.6555600762367249
trajectory_000000:8142,marginal,CH4,0.025634868070483208
trajectory_000000:8142,marginal,CO,0.033686280250549316
trajectory_000000:8142,marginal,T,0.026815643534064293
trajectory_000000:8142,marginal,U_1,0.06200936809182167
trajectory_000000:8142,marginal,p,0.16103319823741913
trajectory_000000:8142,pairwise,CH4–CO,0.027203619480133057
trajectory_000000:8142,pairwise,CH4–T,0.03271104022860527
trajectory_000000:8142,pairwise,CH4–U_1,0.02914348989725113
trajectory_000000:8142,pairwise,CH4–p,0.11420145630836487
trajectory_000000:8142,pairwise,CO–T,0.03188550844788551
trajectory_000000:8142,pairwise,CO–U_1,0.028845570981502533
trajectory_000000:8142,pairwise,CO–p,0.09182438254356384
trajectory_000000:8142,pairwise,T–U_1,0.041943471878767014
trajectory_000000:8142,pairwise,T–p,0.06441344320774078
trajectory_000000:8142,pairwise,U_1–p,0.07904959470033646
trajectory_000000:8142,joint_top_tail,all_fields,0.15374507009983063
trajectory_000000:8142,marginal,weighted_component_total,0.0618358738720417
trajectory_000000:8142,pairwise,weighted_component_total,0.054122161120176315
trajectory_000000:8142,joint_top_tail,weighted_component_total,0.15374507009983063
trajectory_000000:8142,global_distribution,family_total,0.26970309019088745
trajectory_000000:8158,marginal,CH4,0.005665571428835392
trajectory_000000:8158,marginal,CO,0.027106748893857002
trajectory_000000:8158,marginal,T,0.005748291965574026
trajectory_000000:8158,marginal,U_1,0.03050384484231472
trajectory_000000:8158,marginal,p,0.03385937213897705
trajectory_000000:8158,pairwise,CH4–CO,0.013879655860364437
trajectory_000000:8158,pairwise,CH4–T,0.005073352716863155
trajectory_000000:8158,pairwise,CH4–U_1,0.013313058763742447
trajectory_000000:8158,pairwise,CH4–p,0.027700623497366905
trajectory_000000:8158,pairwise,CO–T,0.013989869505167007
trajectory_000000:8158,pairwise,CO–U_1,0.016490744426846504
trajectory_000000:8158,pairwise,CO–p,0.02424708940088749
trajectory_000000:8158,pairwise,T–U_1,0.02089499868452549
trajectory_000000:8158,pairwise,T–p,0.016185441985726357
trajectory_000000:8158,pairwise,U_1–p,0.022186504676938057
trajectory_000000:8158,joint_top_tail,all_fields,0.03218160569667816
trajectory_000000:8158,marginal,weighted_component_total,0.02057676576077938
trajectory_000000:8158,pairwise,weighted_component_total,0.01739613525569439
trajectory_000000:8158,joint_top_tail,weighted_component_total,0.03218160569667816
trajectory_000000:8158,global_distribution,family_total,0.07015450298786163
trajectory_000000:8174,marginal,CH4,0.027688585221767426
trajectory_000000:8174,marginal,CO,0.06212232634425163
trajectory_000000:8174,marginal,T,0.010886654257774353
trajectory_000000:8174,marginal,U_1,0.03498401120305061
trajectory_000000:8174,marginal,p,0.019621657207608223
trajectory_000000:8174,pairwise,CH4–CO,0.028240645304322243
trajectory_000000:8174,pairwise,CH4–T,0.014684682711958885
trajectory_000000:8174,pairwise,CH4–U_1,0.020398734137415886
trajectory_000000:8174,pairwise,CH4–p,0.018047142773866653
trajectory_000000:8174,pairwise,CO–T,0.031985290348529816
trajectory_000000:8174,pairwise,CO–U_1,0.046177640557289124
trajectory_000000:8174,pairwise,CO–p,0.03603918105363846
trajectory_000000:8174,pairwise,T–U_1,0.024766305461525917
trajectory_000000:8174,pairwise,T–p,0.013587835244834423
trajectory_000000:8174,pairwise,U_1–p,0.028442155569791794
trajectory_000000:8174,joint_top_tail,all_fields,0.06157364696264267
trajectory_000000:8174,marginal,weighted_component_total,0.03106064908206463
trajectory_000000:8174,pairwise,weighted_component_total,0.026236960664391518
trajectory_000000:8174,joint_top_tail,weighted_component_total,0.06157364696264267
trajectory_000000:8174,global_distribution,family_total,0.11887125670909882
trajectory_000000:8190,marginal,CH4,0.002356958109885454
trajectory_000000:8190,marginal,CO,0.010015923529863358
trajectory_000000:8190,marginal,T,0.004121244419366121
trajectory_000000:8190,marginal,U_1,0.03132707253098488
trajectory_000000:8190,marginal,p,0.14670397341251373
trajectory_000000:8190,pairwise,CH4–CO,0.005088424310088158
trajectory_000000:8190,pairwise,CH4–T,0.003991860430687666
trajectory_000000:8190,pairwise,CH4–U_1,0.011387606151401997
trajectory_000000:8190,pairwise,CH4–p,0.09635836631059647
trajectory_000000:8190,pairwise,CO–T,0.005375372711569071
trajectory_000000:8190,pairwise,CO–U_1,0.013603609055280685
trajectory_000000:8190,pairwise,CO–p,0.07088232785463333
trajectory_000000:8190,pairwise,T–U_1,0.020340049639344215
trajectory_000000:8190,pairwise,T–p,0.04918111115694046
trajectory_000000:8190,pairwise,U_1–p,0.06776705384254456
trajectory_000000:8190,joint_top_tail,all_fields,0.12586674094200134
trajectory_000000:8190,marginal,weighted_component_total,0.038905031979084015
trajectory_000000:8190,pairwise,weighted_component_total,0.03439757972955704
trajectory_000000:8190,joint_top_tail,weighted_component_total,0.12586674094200134
trajectory_000000:8190,global_distribution,family_total,0.1991693526506424
trajectory_000000:8206,marginal,CH4,0.006853252183645964
trajectory_000000:8206,marginal,CO,0.023781107738614082
trajectory_000000:8206,marginal,T,0.005735615734010935
trajectory_000000:8206,marginal,U_1,0.05411361902952194
trajectory_000000:8206,marginal,p,0.05740892142057419
trajectory_000000:8206,pairwise,CH4–CO,0.010444187559187412
trajectory_000000:8206,pairwise,CH4–T,0.0049664052203297615
trajectory_000000:8206,pairwise,CH4–U_1,0.02069423720240593
trajectory_000000:8206,pairwise,CH4–p,0.03867119923233986
trajectory_000000:8206,pairwise,CO–T,0.013138478621840477
trajectory_000000:8206,pairwise,CO–U_1,0.032359033823013306
trajectory_000000:8206,pairwise,CO–p,0.03430668264627457
trajectory_000000:8206,pairwise,T–U_1,0.0338103324174881
trajectory_000000:8206,pairwise,T–p,0.02270151861011982
trajectory_000000:8206,pairwise,U_1–p,0.04892395809292793
trajectory_000000:8206,joint_top_tail,all_fields,0.05576126277446747
trajectory_000000:8206,marginal,weighted_component_total,0.029578503221273422
trajectory_000000:8206,pairwise,weighted_component_total,0.02600160241127014
trajectory_000000:8206,joint_top_tail,weighted_component_total,0.05576126277446747
trajectory_000000:8206,global_distribution,family_total,0.11134137213230133
trajectory_000000:8222,marginal,CH4,0.008240725845098495
trajectory_000000:8222,marginal,CO,0.06526079028844833
trajectory_000000:8222,marginal,T,0.01873866468667984
trajectory_000000:8222,marginal,U_1,0.02554057538509369
trajectory_000000:8222,marginal,p,0.05260012671351433
trajectory_000000:8222,pairwise,CH4–CO,0.03192431479692459
trajectory_000000:8222,pairwise,CH4–T,0.017778754234313965
trajectory_000000:8222,pairwise,CH4–U_1,0.011545111425220966
trajectory_000000:8222,pairwise,CH4–p,0.03518661856651306
trajectory_000000:8222,pairwise,CO–T,0.04154403135180473
trajectory_000000:8222,pairwise,CO–U_1,0.040941521525382996
trajectory_000000:8222,pairwise,CO–p,0.05154751241207123
trajectory_000000:8222,pairwise,T–U_1,0.019347921013832092
trajectory_000000:8222,pairwise,T–p,0.0246642604470253
trajectory_000000:8222,pairwise,U_1–p,0.041067540645599365
trajectory_000000:8222,joint_top_tail,all_fields,0.06304553896188736
trajectory_000000:8222,marginal,weighted_component_total,0.03407617658376694
trajectory_000000:8222,pairwise,weighted_component_total,0.03155475854873657
trajectory_000000:8222,joint_top_tail,weighted_component_total,0.06304553896188736
trajectory_000000:8222,global_distribution,family_total,0.12867647409439087
trajectory_000000:8237,marginal,CH4,0.00754106231033802
trajectory_000000:8237,marginal,CO,0.006261929869651794
trajectory_000000:8237,marginal,T,0.016047492623329163
trajectory_000000:8237,marginal,U_1,0.12530595064163208
trajectory_000000:8237,marginal,p,0.03525222837924957
trajectory_000000:8237,pairwise,CH4–CO,0.006404849234968424
trajectory_000000:8237,pairwise,CH4–T,0.013402276672422886
trajectory_000000:8237,pairwise,CH4–U_1,0.04816663637757301
trajectory_000000:8237,pairwise,CH4–p,0.03310829773545265
trajectory_000000:8237,pairwise,CO–T,0.01142922230064869
trajectory_000000:8237,pairwise,CO–U_1,0.03390660136938095
trajectory_000000:8237,pairwise,CO–p,0.03027338907122612
trajectory_000000:8237,pairwise,T–U_1,0.08164265751838684
trajectory_000000:8237,pairwise,T–p,0.025858312845230103
trajectory_000000:8237,pairwise,U_1–p,0.08681997656822205
trajectory_000000:8237,joint_top_tail,all_fields,0.09504403918981552
trajectory_000000:8237,marginal,weighted_component_total,0.038081731647253036
trajectory_000000:8237,pairwise,weighted_component_total,0.03710122033953667
trajectory_000000:8237,joint_top_tail,weighted_component_total,0.09504403918981552
trajectory_000000:8237,global_distribution,family_total,0.17022699117660522
trajectory_000000:8253,marginal,CH4,0.006954619195312262
trajectory_000000:8253,marginal,CO,0.008492210879921913
trajectory_000000:8253,marginal,T,0.01213688962161541
trajectory_000000:8253,marginal,U_1,0.06952257454395294
trajectory_000000:8253,marginal,p,0.05997597426176071
trajectory_000000:8253,pairwise,CH4–CO,0.006450026761740446
trajectory_000000:8253,pairwise,CH4–T,0.01173233613371849
trajectory_000000:8253,pairwise,CH4–U_1,0.029247039929032326
trajectory_000000:8253,pairwise,CH4–p,0.05048925429582596
trajectory_000000:8253,pairwise,CO–T,0.009715809486806393
trajectory_000000:8253,pairwise,CO–U_1,0.026765218004584312
trajectory_000000:8253,pairwise,CO–p,0.05522402003407478
trajectory_000000:8253,pairwise,T–U_1,0.046384140849113464
trajectory_000000:8253,pairwise,T–p,0.03628386929631233
trajectory_000000:8253,pairwise,U_1–p,0.07799825072288513
trajectory_000000:8253,joint_top_tail,all_fields,0.08855673670768738
trajectory_000000:8253,marginal,weighted_component_total,0.031416453421115875
trajectory_000000:8253,pairwise,weighted_component_total,0.03502900153398514
trajectory_000000:8253,joint_top_tail,weighted_component_total,0.08855673670768738
trajectory_000000:8253,global_distribution,family_total,0.1550021916627884
trajectory_000000:8269,marginal,CH4,0.02393472008407116
trajectory_000000:8269,marginal,CO,0.020623240619897842
trajectory_000000:8269,marginal,T,0.025076288729906082
trajectory_000000:8269,marginal,U_1,0.03244694694876671
trajectory_000000:8269,marginal,p,0.06189903989434242
trajectory_000000:8269,pairwise,CH4–CO,0.0182524174451828
trajectory_000000:8269,pairwise,CH4–T,0.030753247439861298
trajectory_000000:8269,pairwise,CH4–U_1,0.021318968385457993
trajectory_000000:8269,pairwise,CH4–p,0.04582909122109413
trajectory_000000:8269,pairwise,CO–T,0.021781619638204575
trajectory_000000:8269,pairwise,CO–U_1,0.017463358119130135
trajectory_000000:8269,pairwise,CO–p,0.03793439641594887
trajectory_000000:8269,pairwise,T–U_1,0.0247260220348835
trajectory_000000:8269,pairwise,T–p,0.031659793108701706
trajectory_000000:8269,pairwise,U_1–p,0.05232807993888855
trajectory_000000:8269,joint_top_tail,all_fields,0.05507976561784744
trajectory_000000:8269,marginal,weighted_component_total,0.03279604762792587
trajectory_000000:8269,pairwise,weighted_component_total,0.03020470216870308
trajectory_000000:8269,joint_top_tail,weighted_component_total,0.05507976561784744
trajectory_000000:8269,global_distribution,family_total,0.1180805191397667
trajectory_000000:8285,marginal,CH4,0.013735036365687847
trajectory_000000:8285,marginal,CO,0.041267260909080505
trajectory_000000:8285,marginal,T,0.013973473571240902
trajectory_000000:8285,marginal,U_1,0.025634702295064926
trajectory_000000:8285,marginal,p,0.499138742685318
trajectory_000000:8285,pairwise,CH4–CO,0.022905344143509865
trajectory_000000:8285,pairwise,CH4–T,0.012695224955677986
trajectory_000000:8285,pairwise,CH4–U_1,0.013212869875133038
trajectory_000000:8285,pairwise,CH4–p,0.37885457277297974
trajectory_000000:8285,pairwise,CO–T,0.02432338334619999
trajectory_000000:8285,pairwise,CO–U_1,0.03082580864429474
trajectory_000000:8285,pairwise,CO–p,0.2966822385787964
trajectory_000000:8285,pairwise,T–U_1,0.019222630187869072
trajectory_000000:8285,pairwise,T–p,0.18984952569007874
trajectory_000000:8285,pairwise,U_1–p,0.23205241560935974
trajectory_000000:8285,joint_top_tail,all_fields,0.47490376234054565
trajectory_000000:8285,marginal,weighted_component_total,0.11874984949827194
trajectory_000000:8285,pairwise,weighted_component_total,0.12206239998340607
trajectory_000000:8285,joint_top_tail,weighted_component_total,0.47490376234054565
trajectory_000000:8285,global_distribution,family_total,0.7157160043716431
trajectory_000000:8301,marginal,CH4,0.013618688099086285
trajectory_000000:8301,marginal,CO,0.04219384118914604
trajectory_000000:8301,marginal,T,0.018794972449541092
trajectory_000000:8301,marginal,U_1,0.0760161280632019
trajectory_000000:8301,marginal,p,0.1099856048822403
trajectory_000000:8301,pairwise,CH4–CO,0.021455656737089157
trajectory_000000:8301,pairwise,CH4–T,0.01630599983036518
trajectory_000000:8301,pairwise,CH4–U_1,0.03438226506114006
trajectory_000000:8301,pairwise,CH4–p,0.0853351354598999
trajectory_000000:8301,pairwise,CO–T,0.027550719678401947
trajectory_000000:8301,pairwise,CO–U_1,0.04740658402442932
trajectory_000000:8301,pairwise,CO–p,0.07356203347444534
trajectory_000000:8301,pairwise,T–U_1,0.05589687451720238
trajectory_000000:8301,pairwise,T–p,0.05203816667199135
trajectory_000000:8301,pairwise,U_1–p,0.10658156126737595
trajectory_000000:8301,joint_top_tail,all_fields,0.108862966299057
trajectory_000000:8301,marginal,weighted_component_total,0.0521218478679657
trajectory_000000:8301,pairwise,weighted_component_total,0.05205150321125984
trajectory_000000:8301,joint_top_tail,weighted_component_total,0.108862966299057
trajectory_000000:8301,global_distribution,family_total,0.21303631365299225
trajectory_000000:8317,marginal,CH4,0.014982599765062332
trajectory_000000:8317,marginal,CO,0.030290775001049042
trajectory_000000:8317,marginal,T,0.01995781995356083
trajectory_000000:8317,marginal,U_1,0.04380491375923157
trajectory_000000:8317,marginal,p,1.0053622722625732
trajectory_000000:8317,pairwise,CH4–CO,0.018331315368413925
trajectory_000000:8317,pairwise,CH4–T,0.02167636528611183
trajectory_000000:8317,pairwise,CH4–U_1,0.021777192130684853
trajectory_000000:8317,pairwise,CH4–p,0.7814814448356628
trajectory_000000:8317,pairwise,CO–T,0.02284877747297287
trajectory_000000:8317,pairwise,CO–U_1,0.028837883844971657
trajectory_000000:8317,pairwise,CO–p,0.5723192691802979
trajectory_000000:8317,pairwise,T–U_1,0.030662482604384422
trajectory_000000:8317,pairwise,T–p,0.3897698223590851
trajectory_000000:8317,pairwise,U_1–p,0.5127972364425659
trajectory_000000:8317,joint_top_tail,all_fields,0.8616924285888672
trajectory_000000:8317,marginal,weighted_component_total,0.22287967801094055
trajectory_000000:8317,pairwise,weighted_component_total,0.24005016684532166
trajectory_000000:8317,joint_top_tail,weighted_component_total,0.8616924285888672
trajectory_000000:8317,global_distribution,family_total,1.3246222734451294
trajectory_000000:8333,marginal,CH4,0.009734333492815495
trajectory_000000:8333,marginal,CO,0.028420431539416313
trajectory_000000:8333,marginal,T,0.010665150359272957
trajectory_000000:8333,marginal,U_1,0.052524250000715256
trajectory_000000:8333,marginal,p,0.4510588049888611
trajectory_000000:8333,pairwise,CH4–CO,0.012786864303052425
trajectory_000000:8333,pairwise,CH4–T,0.008473035879433155
trajectory_000000:8333,pairwise,CH4–U_1,0.023929689079523087
trajectory_000000:8333,pairwise,CH4–p,0.3447018265724182
trajectory_000000:8333,pairwise,CO–T,0.016170818358659744
trajectory_000000:8333,pairwise,CO–U_1,0.03594766557216644
trajectory_000000:8333,pairwise,CO–p,0.26767194271087646
trajectory_000000:8333,pairwise,T–U_1,0.03776920586824417
trajectory_000000:8333,pairwise,T–p,0.17052042484283447
trajectory_000000:8333,pairwise,U_1–p,0.23320649564266205
trajectory_000000:8333,joint_top_tail,all_fields,0.4066874384880066
trajectory_000000:8333,marginal,weighted_component_total,0.11048059165477753
trajectory_000000:8333,pairwise,weighted_component_total,0.11511780321598053
trajectory_000000:8333,joint_top_tail,weighted_component_total,0.4066874384880066
trajectory_000000:8333,global_distribution,family_total,0.6322858333587646
trajectory_000000:8348,marginal,CH4,0.012084078043699265
trajectory_000000:8348,marginal,CO,0.045633699744939804
trajectory_000000:8348,marginal,T,0.01861719600856304
trajectory_000000:8348,marginal,U_1,0.07237038016319275
trajectory_000000:8348,marginal,p,0.024989649653434753
trajectory_000000:8348,pairwise,CH4–CO,0.027952268719673157
trajectory_000000:8348,pairwise,CH4–T,0.01946454681456089
trajectory_000000:8348,pairwise,CH4–U_1,0.031383633613586426
trajectory_000000:8348,pairwise,CH4–p,0.01991819590330124
trajectory_000000:8348,pairwise,CO–T,0.03445076942443848
trajectory_000000:8348,pairwise,CO–U_1,0.05193660780787468
trajectory_000000:8348,pairwise,CO–p,0.03204726800322533
trajectory_000000:8348,pairwise,T–U_1,0.050606295466423035
trajectory_000000:8348,pairwise,T–p,0.016973353922367096
trajectory_000000:8348,pairwise,U_1–p,0.041427768766880035
trajectory_000000:8348,joint_top_tail,all_fields,0.061713360249996185
trajectory_000000:8348,marginal,weighted_component_total,0.03473900258541107
trajectory_000000:8348,pairwise,weighted_component_total,0.03261607140302658
trajectory_000000:8348,joint_top_tail,weighted_component_total,0.061713360249996185
trajectory_000000:8348,global_distribution,family_total,0.12906843423843384
trajectory_000000:8364,marginal,CH4,0.0060518234968185425
trajectory_000000:8364,marginal,CO,0.036517512053251266
trajectory_000000:8364,marginal,T,0.01204562559723854
trajectory_000000:8364,marginal,U_1,0.02211606316268444
trajectory_000000:8364,marginal,p,0.09561052173376083
trajectory_000000:8364,pairwise,CH4–CO,0.017481330782175064
trajectory_000000:8364,pairwise,CH4–T,0.00982986856251955
trajectory_000000:8364,pairwise,CH4–U_1,0.011139803566038609
trajectory_000000:8364,pairwise,CH4–p,0.0784585103392601
trajectory_000000:8364,pairwise,CO–T,0.02303248457610607
trajectory_000000:8364,pairwise,CO–U_1,0.02750983089208603
trajectory_000000:8364,pairwise,CO–p,0.06688757985830307
trajectory_000000:8364,pairwise,T–U_1,0.017302269116044044
trajectory_000000:8364,pairwise,T–p,0.042862046509981155
trajectory_000000:8364,pairwise,U_1–p,0.062446240335702896
trajectory_000000:8364,joint_top_tail,all_fields,0.08446042239665985
trajectory_000000:8364,marginal,weighted_component_total,0.034468311816453934
trajectory_000000:8364,pairwise,weighted_component_total,0.035694997757673264
trajectory_000000:8364,joint_top_tail,weighted_component_total,0.08446042239665985
trajectory_000000:8364,global_distribution,family_total,0.15462373197078705
trajectory_000000:8380,marginal,CH4,0.0167867299169302
trajectory_000000:8380,marginal,CO,0.07109792530536652
trajectory_000000:8380,marginal,T,0.02267317846417427
trajectory_000000:8380,marginal,U_1,0.08060299605131149
trajectory_000000:8380,marginal,p,0.26616543531417847
trajectory_000000:8380,pairwise,CH4–CO,0.033756185322999954
trajectory_000000:8380,pairwise,CH4–T,0.019963299855589867
trajectory_000000:8380,pairwise,CH4–U_1,0.0357925221323967
trajectory_000000:8380,pairwise,CH4–p,0.19752316176891327
trajectory_000000:8380,pairwise,CO–T,0.04595698416233063
trajectory_000000:8380,pairwise,CO–U_1,0.06428326666355133
trajectory_000000:8380,pairwise,CO–p,0.17461246252059937
trajectory_000000:8380,pairwise,T–U_1,0.057749927043914795
trajectory_000000:8380,pairwise,T–p,0.09856557101011276
trajectory_000000:8380,pairwise,U_1–p,0.11839627474546432
trajectory_000000:8380,joint_top_tail,all_fields,0.29003891348838806
trajectory_000000:8380,marginal,weighted_component_total,0.09146524965763092
trajectory_000000:8380,pairwise,weighted_component_total,0.08465996384620667
trajectory_000000:8380,joint_top_tail,weighted_component_total,0.29003891348838806
trajectory_000000:8380,global_distribution,family_total,0.46616411209106445
trajectory_000000:8396,marginal,CH4,0.03758087009191513
trajectory_000000:8396,marginal,CO,0.022900348529219627
trajectory_000000:8396,marginal,T,0.035562820732593536
trajectory_000000:8396,marginal,U_1,0.01550336740911007
trajectory_000000:8396,marginal,p,0.10977035015821457
trajectory_000000:8396,pairwise,CH4–CO,0.028652720153331757
trajectory_000000:8396,pairwise,CH4–T,0.044553302228450775
trajectory_000000:8396,pairwise,CH4–U_1,0.023858029395341873
trajectory_000000:8396,pairwise,CH4–p,0.09183099865913391
trajectory_000000:8396,pairwise,CO–T,0.0324624627828598
trajectory_000000:8396,pairwise,CO–U_1,0.017951523885130882
trajectory_000000:8396,pairwise,CO–p,0.06680409610271454
trajectory_000000:8396,pairwise,T–U_1,0.019614728167653084
trajectory_000000:8396,pairwise,T–p,0.06018729507923126
trajectory_000000:8396,pairwise,U_1–p,0.06186329573392868
trajectory_000000:8396,joint_top_tail,all_fields,0.09968256950378418
trajectory_000000:8396,marginal,weighted_component_total,0.044263552874326706
trajectory_000000:8396,pairwise,weighted_component_total,0.04477784410119057
trajectory_000000:8396,joint_top_tail,weighted_component_total,0.09968256950378418
trajectory_000000:8396,global_distribution,family_total,0.18872396647930145
trajectory_000000:8412,marginal,CH4,0.0022281634155660868
trajectory_000000:8412,marginal,CO,0.034841958433389664
trajectory_000000:8412,marginal,T,0.009650818072259426
trajectory_000000:8412,marginal,U_1,0.03126145899295807
trajectory_000000:8412,marginal,p,0.10174981504678726
trajectory_000000:8412,pairwise,CH4–CO,0.018000368028879166
trajectory_000000:8412,pairwise,CH4–T,0.007820971310138702
trajectory_000000:8412,pairwise,CH4–U_1,0.011574696749448776
trajectory_000000:8412,pairwise,CH4–p,0.07871227711439133
trajectory_000000:8412,pairwise,CO–T,0.023642564192414284
trajectory_000000:8412,pairwise,CO–U_1,0.01614070124924183
trajectory_000000:8412,pairwise,CO–p,0.07087317854166031
trajectory_000000:8412,pairwise,T–U_1,0.02134428359568119
trajectory_000000:8412,pairwise,T–p,0.04310719668865204
trajectory_000000:8412,pairwise,U_1–p,0.0658826157450676
trajectory_000000:8412,joint_top_tail,all_fields,0.09195246547460556
trajectory_000000:8412,marginal,weighted_component_total,0.03594644367694855
trajectory_000000:8412,pairwise,weighted_component_total,0.03570988401770592
trajectory_000000:8412,joint_top_tail,weighted_component_total,0.09195246547460556
trajectory_000000:8412,global_distribution,family_total,0.16360878944396973
trajectory_000000:8428,marginal,CH4,0.003350625978782773
trajectory_000000:8428,marginal,CO,0.015658458694815636
trajectory_000000:8428,marginal,T,0.013094429858028889
trajectory_000000:8428,marginal,U_1,0.033597685396671295
trajectory_000000:8428,marginal,p,0.015038423240184784
trajectory_000000:8428,pairwise,CH4–CO,0.009423531591892242
trajectory_000000:8428,pairwise,CH4–T,0.010638030245900154
trajectory_000000:8428,pairwise,CH4–U_1,0.012782398611307144
trajectory_000000:8428,pairwise,CH4–p,0.009576041251420975
trajectory_000000:8428,pairwise,CO–T,0.015934715047478676
trajectory_000000:8428,pairwise,CO–U_1,0.016110867261886597
trajectory_000000:8428,pairwise,CO–p,0.012572871521115303
trajectory_000000:8428,pairwise,T–U_1,0.022582143545150757
trajectory_000000:8428,pairwise,T–p,0.01166566926985979
trajectory_000000:8428,pairwise,U_1–p,0.024762624874711037
trajectory_000000:8428,joint_top_tail,all_fields,0.026312287896871567
trajectory_000000:8428,marginal,weighted_component_total,0.016147924587130547
trajectory_000000:8428,pairwise,weighted_component_total,0.014604886993765831
trajectory_000000:8428,joint_top_tail,weighted_component_total,0.026312287896871567
trajectory_000000:8428,global_distribution,family_total,0.057065099477767944
trajectory_000000:8444,marginal,CH4,0.006827634293586016
trajectory_000000:8444,marginal,CO,0.014854463748633862
trajectory_000000:8444,marginal,T,0.013417341746389866
trajectory_000000:8444,marginal,U_1,0.0313570611178875
trajectory_000000:8444,marginal,p,0.3584910035133362
trajectory_000000:8444,pairwise,CH4–CO,0.01018556859344244
trajectory_000000:8444,pairwise,CH4–T,0.012972595170140266
trajectory_000000:8444,pairwise,CH4–U_1,0.01586930826306343
trajectory_000000:8444,pairwise,CH4–p,0.2788470685482025
trajectory_000000:8444,pairwise,CO–T,0.014658915810286999
trajectory_000000:8444,pairwise,CO–U_1,0.015831490978598595
trajectory_000000:8444,pairwise,CO–p,0.20664314925670624
trajectory_000000:8444,pairwise,T–U_1,0.024123793467879295
trajectory_000000:8444,pairwise,T–p,0.1409161388874054
trajectory_000000:8444,pairwise,U_1–p,0.16808362305164337
trajectory_000000:8444,joint_top_tail,all_fields,0.3236468732357025
trajectory_000000:8444,marginal,weighted_component_total,0.0849895030260086
trajectory_000000:8444,pairwise,weighted_component_total,0.0888131707906723
trajectory_000000:8444,joint_top_tail,weighted_component_total,0.3236468732357025
trajectory_000000:8444,global_distribution,family_total,0.4974495470523834
trajectory_000000:8459,marginal,CH4,0.01338216569274664
trajectory_000000:8459,marginal,CO,0.02186536230146885
trajectory_000000:8459,marginal,T,0.01771955005824566
trajectory_000000:8459,marginal,U_1,0.008563521318137646
trajectory_000000:8459,marginal,p,1.1122546195983887
trajectory_000000:8459,pairwise,CH4–CO,0.014963235706090927
trajectory_000000:8459,pairwise,CH4–T,0.0198411513119936
trajectory_000000:8459,pairwise,CH4–U_1,0.00939986016601324
trajectory_000000:8459,pairwise,CH4–p,0.8615854382514954
trajectory_000000:8459,pairwise,CO–T,0.018904371187090874
trajectory_000000:8459,pairwise,CO–U_1,0.014173641800880432
trajectory_000000:8459,pairwise,CO–p,0.6267285346984863
trajectory_000000:8459,pairwise,T–U_1,0.009938489645719528
trajectory_000000:8459,pairwise,T–p,0.4315047860145569
trajectory_000000:8459,pairwise,U_1–p,0.5448705554008484
trajectory_000000:8459,joint_top_tail,all_fields,0.9403021335601807
trajectory_000000:8459,marginal,weighted_component_total,0.23475705087184906
trajectory_000000:8459,pairwise,weighted_component_total,0.25519099831581116
trajectory_000000:8459,joint_top_tail,weighted_component_total,0.9403021335601807
trajectory_000000:8459,global_distribution,family_total,1.4302501678466797
trajectory_000000:8475,marginal,CH4,0.003958660177886486
trajectory_000000:8475,marginal,CO,0.059802476316690445
trajectory_000000:8475,marginal,T,0.009110230021178722
trajectory_000000:8475,marginal,U_1,0.014059322886168957
trajectory_000000:8475,marginal,p,0.030735045671463013
trajectory_000000:8475,pairwise,CH4–CO,0.028149424120783806
trajectory_000000:8475,pairwise,CH4–T,0.008288276381790638
trajectory_000000:8475,pairwise,CH4–U_1,0.005450671073049307
trajectory_000000:8475,pairwise,CH4–p,0.024212444201111794
trajectory_000000:8475,pairwise,CO–T,0.03322526440024376
trajectory_000000:8475,pairwise,CO–U_1,0.027648836374282837
trajectory_000000:8475,pairwise,CO–p,0.05482786148786545
trajectory_000000:8475,pairwise,T–U_1,0.009252562187612057
trajectory_000000:8475,pairwise,T–p,0.018735714256763458
trajectory_000000:8475,pairwise,U_1–p,0.01825622096657753
trajectory_000000:8475,joint_top_tail,all_fields,0.06445202976465225
trajectory_000000:8475,marginal,weighted_component_total,0.02353314682841301
trajectory_000000:8475,pairwise,weighted_component_total,0.022804725915193558
trajectory_000000:8475,joint_top_tail,weighted_component_total,0.06445202976465225
trajectory_000000:8475,global_distribution,family_total,0.11078990250825882
trajectory_000000:8491,marginal,CH4,0.006871446967124939
trajectory_000000:8491,marginal,CO,0.04817159101366997
trajectory_000000:8491,marginal,T,0.013545588590204716
trajectory_000000:8491,marginal,U_1,0.04470948129892349
trajectory_000000:8491,marginal,p,0.020368658006191254
trajectory_000000:8491,pairwise,CH4–CO,0.023899585008621216
trajectory_000000:8491,pairwise,CH4–T,0.012908359989523888
trajectory_000000:8491,pairwise,CH4–U_1,0.019386563450098038
trajectory_000000:8491,pairwise,CH4–p,0.015962181612849236
trajectory_000000:8491,pairwise,CO–T,0.02935311198234558
trajectory_000000:8491,pairwise,CO–U_1,0.04005905240774155
trajectory_000000:8491,pairwise,CO–p,0.0337655283510685
trajectory_000000:8491,pairwise,T–U_1,0.03164881095290184
trajectory_000000:8491,pairwise,T–p,0.013589485548436642
trajectory_000000:8491,pairwise,U_1–p,0.04061800613999367
trajectory_000000:8491,joint_top_tail,all_fields,0.04992123693227768
trajectory_000000:8491,marginal,weighted_component_total,0.02673335373401642
trajectory_000000:8491,pairwise,weighted_component_total,0.026119068264961243
trajectory_000000:8491,joint_top_tail,weighted_component_total,0.04992123693227768
trajectory_000000:8491,global_distribution,family_total,0.10277365893125534
trajectory_000000:8507,marginal,CH4,0.029323715716600418
trajectory_000000:8507,marginal,CO,0.02505587600171566
trajectory_000000:8507,marginal,T,0.024373669177293777
trajectory_000000:8507,marginal,U_1,0.04335050284862518
trajectory_000000:8507,marginal,p,0.08074948191642761
trajectory_000000:8507,pairwise,CH4–CO,0.020173849537968636
trajectory_000000:8507,pairwise,CH4–T,0.031347937881946564
trajectory_000000:8507,pairwise,CH4–U_1,0.02822444774210453
trajectory_000000:8507,pairwise,CH4–p,0.06817874312400818
trajectory_000000:8507,pairwise,CO–T,0.025657476857304573
trajectory_000000:8507,pairwise,CO–U_1,0.028250712901353836
trajectory_000000:8507,pairwise,CO–p,0.05635831505060196
trajectory_000000:8507,pairwise,T–U_1,0.034037377685308456
trajectory_000000:8507,pairwise,T–p,0.049835290759801865
trajectory_000000:8507,pairwise,U_1–p,0.06710215657949448
trajectory_000000:8507,joint_top_tail,all_fields,0.0968790203332901
trajectory_000000:8507,marginal,weighted_component_total,0.04057064652442932
trajectory_000000:8507,pairwise,weighted_component_total,0.04091662913560867
trajectory_000000:8507,joint_top_tail,weighted_component_total,0.0968790203332901
trajectory_000000:8507,global_distribution,family_total,0.1783663034439087
trajectory_000000:8523,marginal,CH4,0.010744147002696991
trajectory_000000:8523,marginal,CO,0.015516415238380432
trajectory_000000:8523,marginal,T,0.017494769766926765
trajectory_000000:8523,marginal,U_1,0.03214722126722336
trajectory_000000:8523,marginal,p,0.02796575054526329
trajectory_000000:8523,pairwise,CH4–CO,0.013386944308876991
trajectory_000000:8523,pairwise,CH4–T,0.01767420768737793
trajectory_000000:8523,pairwise,CH4–U_1,0.02028791606426239
trajectory_000000:8523,pairwise,CH4–p,0.023939194157719612
trajectory_000000:8523,pairwise,CO–T,0.01783052273094654
trajectory_000000:8523,pairwise,CO–U_1,0.02718779630959034
trajectory_000000:8523,pairwise,CO–p,0.020750032737851143
trajectory_000000:8523,pairwise,T–U_1,0.029640892520546913
trajectory_000000:8523,pairwise,T–p,0.020796693861484528
trajectory_000000:8523,pairwise,U_1–p,0.035924967378377914
trajectory_000000:8523,joint_top_tail,all_fields,0.033017467707395554
trajectory_000000:8523,marginal,weighted_component_total,0.020773660391569138
trajectory_000000:8523,pairwise,weighted_component_total,0.02274191752076149
trajectory_000000:8523,joint_top_tail,weighted_component_total,0.033017467707395554
trajectory_000000:8523,global_distribution,family_total,0.07653304934501648
trajectory_000000:8539,marginal,CH4,0.014820207841694355
trajectory_000000:8539,marginal,CO,0.04994335398077965
trajectory_000000:8539,marginal,T,0.015557557344436646
trajectory_000000:8539,marginal,U_1,0.0276064220815897
trajectory_000000:8539,marginal,p,0.4150681793689728
trajectory_000000:8539,pairwise,CH4–CO,0.026394102722406387
trajectory_000000:8539,pairwise,CH4–T,0.018369533121585846
trajectory_000000:8539,pairwise,CH4–U_1,0.015193547122180462
trajectory_000000:8539,pairwise,CH4–p,0.32452794909477234
trajectory_000000:8539,pairwise,CO–T,0.03230118006467819
trajectory_000000:8539,pairwise,CO–U_1,0.031268466264009476
trajectory_000000:8539,pairwise,CO–p,0.25275853276252747
trajectory_000000:8539,pairwise,T–U_1,0.02080032415688038
trajectory_000000:8539,pairwise,T–p,0.16772997379302979
trajectory_000000:8539,pairwise,U_1–p,0.20114204287528992
trajectory_000000:8539,joint_top_tail,all_fields,0.36108678579330444
trajectory_000000:8539,marginal,weighted_component_total,0.10459914803504944
trajectory_000000:8539,pairwise,weighted_component_total,0.10904856771230698
trajectory_000000:8539,joint_top_tail,weighted_component_total,0.36108678579330444
trajectory_000000:8539,global_distribution,family_total,0.5747345089912415
trajectory_000000:8555,marginal,CH4,0.014655323699116707
trajectory_000000:8555,marginal,CO,0.04878505691885948
trajectory_000000:8555,marginal,T,0.017191370949149132
trajectory_000000:8555,marginal,U_1,0.027911771088838577
trajectory_000000:8555,marginal,p,0.08279123902320862
trajectory_000000:8555,pairwise,CH4–CO,0.029347702860832214
trajectory_000000:8555,pairwise,CH4–T,0.019754581153392792
trajectory_000000:8555,pairwise,CH4–U_1,0.016206692904233932
trajectory_000000:8555,pairwise,CH4–p,0.061680011451244354
trajectory_000000:8555,pairwise,CO–T,0.03321080654859543
trajectory_000000:8555,pairwise,CO–U_1,0.033798977732658386
trajectory_000000:8555,pairwise,CO–p,0.07059916108846664
trajectory_000000:8555,pairwise,T–U_1,0.021611660718917847
trajectory_000000:8555,pairwise,T–p,0.038074005395174026
trajectory_000000:8555,pairwise,U_1–p,0.051331777125597
trajectory_000000:8555,joint_top_tail,all_fields,0.07663822174072266
trajectory_000000:8555,marginal,weighted_component_total,0.03826695308089256
trajectory_000000:8555,pairwise,weighted_component_total,0.03756154328584671
trajectory_000000:8555,joint_top_tail,weighted_component_total,0.07663822174072266
trajectory_000000:8555,global_distribution,family_total,0.15246671438217163
trajectory_000000:8570,marginal,CH4,0.0026995926164090633
trajectory_000000:8570,marginal,CO,0.04088351130485535
trajectory_000000:8570,marginal,T,0.006299634929746389
trajectory_000000:8570,marginal,U_1,0.02033551037311554
trajectory_000000:8570,marginal,p,0.1770729273557663
trajectory_000000:8570,pairwise,CH4–CO,0.018447354435920715
trajectory_000000:8570,pairwise,CH4–T,0.005153645761311054
trajectory_000000:8570,pairwise,CH4–U_1,0.008782356977462769
trajectory_000000:8570,pairwise,CH4–p,0.13621024787425995
trajectory_000000:8570,pairwise,CO–T,0.021641740575432777
trajectory_000000:8570,pairwise,CO–U_1,0.028045231476426125
trajectory_000000:8570,pairwise,CO–p,0.11421816051006317
trajectory_000000:8570,pairwise,T–U_1,0.015090969391167164
trajectory_000000:8570,pairwise,T–p,0.07183706760406494
trajectory_000000:8570,pairwise,U_1–p,0.10552571713924408
trajectory_000000:8570,joint_top_tail,all_fields,0.15057119727134705
trajectory_000000:8570,marginal,weighted_component_total,0.04945823550224304
trajectory_000000:8570,pairwise,weighted_component_total,0.05249524861574173
trajectory_000000:8570,joint_top_tail,weighted_component_total,0.15057119727134705
trajectory_000000:8570,global_distribution,family_total,0.2525246739387512
trajectory_000000:8586,marginal,CH4,0.0024782198015600443
trajectory_000000:8586,marginal,CO,0.004092023242264986
trajectory_000000:8586,marginal,T,0.009257787838578224
trajectory_000000:8586,marginal,U_1,0.09833818674087524
trajectory_000000:8586,marginal,p,0.022321563214063644
trajectory_000000:8586,pairwise,CH4–CO,0.0028325975872576237
trajectory_000000:8586,pairwise,CH4–T,0.006925067864358425
trajectory_000000:8586,pairwise,CH4–U_1,0.03761079162359238
trajectory_000000:8586,pairwise,CH4–p,0.018033849075436592
trajectory_000000:8586,pairwise,CO–T,0.00711485231295228
trajectory_000000:8586,pairwise,CO–U_1,0.03846031427383423
trajectory_000000:8586,pairwise,CO–p,0.011159843765199184
trajectory_000000:8586,pairwise,T–U_1,0.06693467497825623
trajectory_000000:8586,pairwise,T–p,0.013870662078261375
trajectory_000000:8586,pairwise,U_1–p,0.05497727170586586
trajectory_000000:8586,joint_top_tail,all_fields,0.08225087821483612
trajectory_000000:8586,marginal,weighted_component_total,0.02729755826294422
trajectory_000000:8586,pairwise,weighted_component_total,0.025791991502046585
trajectory_000000:8586,joint_top_tail,weighted_component_total,0.08225087821483612
trajectory_000000:8586,global_distribution,family_total,0.13534042239189148
trajectory_000000:8602,marginal,CH4,0.009087471291422844
trajectory_000000:8602,marginal,CO,0.00614199647679925
trajectory_000000:8602,marginal,T,0.009258977137506008
trajectory_000000:8602,marginal,U_1,0.048133254051208496
trajectory_000000:8602,marginal,p,0.04523620754480362
trajectory_000000:8602,pairwise,CH4–CO,0.004561117850244045
trajectory_000000:8602,pairwise,CH4–T,0.007598593831062317
trajectory_000000:8602,pairwise,CH4–U_1,0.019805412739515305
trajectory_000000:8602,pairwise,CH4–p,0.03566997870802879
trajectory_000000:8602,pairwise,CO–T,0.007859678007662296
trajectory_000000:8602,pairwise,CO–U_1,0.01792481169104576
trajectory_000000:8602,pairwise,CO–p,0.028712041676044464
trajectory_000000:8602,pairwise,T–U_1,0.033625077456235886
trajectory_000000:8602,pairwise,T–p,0.018875159323215485
trajectory_000000:8602,pairwise,U_1–p,0.040199607610702515
trajectory_000000:8602,joint_top_tail,all_fields,0.05061327666044235
trajectory_000000:8602,marginal,weighted_component_total,0.02357158251106739
trajectory_000000:8602,pairwise,weighted_component_total,0.021483149379491806
trajectory_000000:8602,joint_top_tail,weighted_component_total,0.05061327666044235
trajectory_000000:8602,global_distribution,family_total,0.0956680104136467
trajectory_000000:8618,marginal,CH4,0.013381404802203178
trajectory_000000:8618,marginal,CO,0.0106431869789958
trajectory_000000:8618,marginal,T,0.014372509904205799
trajectory_000000:8618,marginal,U_1,0.06851920485496521
trajectory_000000:8618,marginal,p,0.6152519583702087
trajectory_000000:8618,pairwise,CH4–CO,0.013274908065795898
trajectory_000000:8618,pairwise,CH4–T,0.01716230995953083
trajectory_000000:8618,pairwise,CH4–U_1,0.0314084067940712
trajectory_000000:8618,pairwise,CH4–p,0.45521238446235657
trajectory_000000:8618,pairwise,CO–T,0.015414147637784481
trajectory_000000:8618,pairwise,CO–U_1,0.02814055047929287
trajectory_000000:8618,pairwise,CO–p,0.34594428539276123
trajectory_000000:8618,pairwise,T–U_1,0.04475132003426552
trajectory_000000:8618,pairwise,T–p,0.22473974525928497
trajectory_000000:8618,pairwise,U_1–p,0.29843276739120483
trajectory_000000:8618,joint_top_tail,all_fields,0.5653108358383179
trajectory_000000:8618,marginal,weighted_component_total,0.1444336473941803
trajectory_000000:8618,pairwise,weighted_component_total,0.1474480777978897
trajectory_000000:8618,joint_top_tail,weighted_component_total,0.5653108358383179
trajectory_000000:8618,global_distribution,family_total,0.8571925759315491
trajectory_000000:8634,marginal,CH4,0.016617776826024055
trajectory_000000:8634,marginal,CO,0.02029673010110855
trajectory_000000:8634,marginal,T,0.01615685038268566
trajectory_000000:8634,marginal,U_1,0.06465229392051697
trajectory_000000:8634,marginal,p,0.2214653342962265
trajectory_000000:8634,pairwise,CH4–CO,0.01747717522084713
trajectory_000000:8634,pairwise,CH4–T,0.01988968625664711
trajectory_000000:8634,pairwise,CH4–U_1,0.02968546561896801
trajectory_000000:8634,pairwise,CH4–p,0.16593044996261597
trajectory_000000:8634,pairwise,CO–T,0.019893772900104523
trajectory_000000:8634,pairwise,CO–U_1,0.03796157240867615
trajectory_000000:8634,pairwise,CO–p,0.13790059089660645
trajectory_000000:8634,pairwise,T–U_1,0.04400806128978729
trajectory_000000:8634,pairwise,T–p,0.08503901958465576
trajectory_000000:8634,pairwise,U_1–p,0.1670006811618805
trajectory_000000:8634,joint_top_tail,all_fields,0.22210127115249634
trajectory_000000:8634,marginal,weighted_component_total,0.06783779710531235
trajectory_000000:8634,pairwise,weighted_component_total,0.07247864454984665
trajectory_000000:8634,joint_top_tail,weighted_component_total,0.22210127115249634
trajectory_000000:8634,global_distribution,family_total,0.36241769790649414
trajectory_000000:8650,marginal,CH4,0.04246038198471069
trajectory_000000:8650,marginal,CO,0.058463580906391144
trajectory_000000:8650,marginal,T,0.040785469114780426
trajectory_000000:8650,marginal,U_1,0.060691919177770615
trajectory_000000:8650,marginal,p,0.17400604486465454
trajectory_000000:8650,pairwise,CH4–CO,0.044630736112594604
trajectory_000000:8650,pairwise,CH4–T,0.05161876976490021
trajectory_000000:8650,pairwise,CH4–U_1,0.040097713470458984
trajectory_000000:8650,pairwise,CH4–p,0.11478915810585022
trajectory_000000:8650,pairwise,CO–T,0.05420619621872902
trajectory_000000:8650,pairwise,CO–U_1,0.03854057192802429
trajectory_000000:8650,pairwise,CO–p,0.10220512002706528
trajectory_000000:8650,pairwise,T–U_1,0.04508516192436218
trajectory_000000:8650,pairwise,T–p,0.06735306978225708
trajectory_000000:8650,pairwise,U_1–p,0.09079080820083618
trajectory_000000:8650,joint_top_tail,all_fields,0.15831217169761658
trajectory_000000:8650,marginal,weighted_component_total,0.07528148591518402
trajectory_000000:8650,pairwise,weighted_component_total,0.0649317279458046
trajectory_000000:8650,joint_top_tail,weighted_component_total,0.15831217169761658
trajectory_000000:8650,global_distribution,family_total,0.2985253930091858
trajectory_000000:8666,marginal,CH4,0.012841233052313328
trajectory_000000:8666,marginal,CO,0.04339303448796272
trajectory_000000:8666,marginal,T,0.008929785341024399
trajectory_000000:8666,marginal,U_1,0.07965834438800812
trajectory_000000:8666,marginal,p,0.3132261633872986
trajectory_000000:8666,pairwise,CH4–CO,0.020424000918865204
trajectory_000000:8666,pairwise,CH4–T,0.00841367244720459
trajectory_000000:8666,pairwise,CH4–U_1,0.027580637484788895
trajectory_000000:8666,pairwise,CH4–p,0.23409047722816467
trajectory_000000:8666,pairwise,CO–T,0.027118360623717308
trajectory_000000:8666,pairwise,CO–U_1,0.05320106819272041
trajectory_000000:8666,pairwise,CO–p,0.18637536466121674
trajectory_000000:8666,pairwise,T–U_1,0.047390468418598175
trajectory_000000:8666,pairwise,T–p,0.11521225422620773
trajectory_000000:8666,pairwise,U_1–p,0.20383885502815247
trajectory_000000:8666,joint_top_tail,all_fields,0.27329814434051514
trajectory_000000:8666,marginal,weighted_component_total,0.09160971641540527
trajectory_000000:8666,pairwise,weighted_component_total,0.09236451983451843
trajectory_000000:8666,joint_top_tail,weighted_component_total,0.27329814434051514
trajectory_000000:8666,global_distribution,family_total,0.45727238059043884
trajectory_000000:8681,marginal,CH4,0.008751209825277328
trajectory_000000:8681,marginal,CO,0.047556567937135696
trajectory_000000:8681,marginal,T,0.011202764697372913
trajectory_000000:8681,marginal,U_1,0.03621545806527138
trajectory_000000:8681,marginal,p,0.006632118485867977
trajectory_000000:8681,pairwise,CH4–CO,0.02461179718375206
trajectory_000000:8681,pairwise,CH4–T,0.011943497695028782
trajectory_000000:8681,pairwise,CH4–U_1,0.015165573917329311
trajectory_000000:8681,pairwise,CH4–p,0.019183628261089325
trajectory_000000:8681,pairwise,CO–T,0.028770241886377335
trajectory_000000:8681,pairwise,CO–U_1,0.042937107384204865
trajectory_000000:8681,pairwise,CO–p,0.026463977992534637
trajectory_000000:8681,pairwise,T–U_1,0.023960907012224197
trajectory_000000:8681,pairwise,T–p,0.013253685086965561
trajectory_000000:8681,pairwise,U_1–p,0.02301671914756298
trajectory_000000:8681,joint_top_tail,all_fields,0.0432533323764801
trajectory_000000:8681,marginal,weighted_component_total,0.02207162417471409
trajectory_000000:8681,pairwise,weighted_component_total,0.02293071337044239
trajectory_000000:8681,joint_top_tail,weighted_component_total,0.0432533323764801
trajectory_000000:8681,global_distribution,family_total,0.08825567364692688
trajectory_000000:8697,marginal,CH4,0.0029737474396824837
trajectory_000000:8697,marginal,CO,0.012863773852586746
trajectory_000000:8697,marginal,T,0.004536458756774664
trajectory_000000:8697,marginal,U_1,0.011324482038617134
trajectory_000000:8697,marginal,p,0.04763773828744888
trajectory_000000:8697,pairwise,CH4–CO,0.007346525322645903
trajectory_000000:8697,pairwise,CH4–T,0.0037526367232203484
trajectory_000000:8697,pairwise,CH4–U_1,0.004695781972259283
trajectory_000000:8697,pairwise,CH4–p,0.03374568000435829
trajectory_000000:8697,pairwise,CO–T,0.009597736410796642
trajectory_000000:8697,pairwise,CO–U_1,0.007914266549050808
trajectory_000000:8697,pairwise,CO–p,0.02448909357190132
trajectory_000000:8697,pairwise,T–U_1,0.0074254609644412994
trajectory_000000:8697,pairwise,T–p,0.01620445027947426
trajectory_000000:8697,pairwise,U_1–p,0.015474734827876091
trajectory_000000:8697,joint_top_tail,all_fields,0.04605743661522865
trajectory_000000:8697,marginal,weighted_component_total,0.015867240726947784
trajectory_000000:8697,pairwise,weighted_component_total,0.013064635917544365
trajectory_000000:8697,joint_top_tail,weighted_component_total,0.04605743661522865
trajectory_000000:8697,global_distribution,family_total,0.07498931139707565
trajectory_000000:8713,marginal,CH4,0.02811264432966709
trajectory_000000:8713,marginal,CO,0.056317076086997986
trajectory_000000:8713,marginal,T,0.0077004642225801945
trajectory_000000:8713,marginal,U_1,0.07357420772314072
trajectory_000000:8713,marginal,p,1.3124655485153198
trajectory_000000:8713,pairwise,CH4–CO,0.02476920373737812
trajectory_000000:8713,pairwise,CH4–T,0.012310448102653027
trajectory_000000:8713,pairwise,CH4–U_1,0.03183336555957794
trajectory_000000:8713,pairwise,CH4–p,1.0138444900512695
trajectory_000000:8713,pairwise,CO–T,0.027093272656202316
trajectory_000000:8713,pairwise,CO–U_1,0.06325829774141312
trajectory_000000:8713,pairwise,CO–p,0.7510635852813721
trajectory_000000:8713,pairwise,T–U_1,0.04630514606833458
trajectory_000000:8713,pairwise,T–p,0.4928145110607147
trajectory_000000:8713,pairwise,U_1–p,0.6206183433532715
trajectory_000000:8713,joint_top_tail,all_fields,1.1780925989151
trajectory_000000:8713,marginal,weighted_component_total,0.295634001493454
trajectory_000000:8713,pairwise,weighted_component_total,0.3083910644054413
trajectory_000000:8713,joint_top_tail,weighted_component_total,1.1780925989151
trajectory_000000:8713,global_distribution,family_total,1.7821176052093506
trajectory_000000:8729,marginal,CH4,0.006591680459678173
trajectory_000000:8729,marginal,CO,0.016190439462661743
trajectory_000000:8729,marginal,T,0.01007931586354971
trajectory_000000:8729,marginal,U_1,0.0446188747882843
trajectory_000000:8729,marginal,p,0.7029232978820801
trajectory_000000:8729,pairwise,CH4–CO,0.01142469048500061
trajectory_000000:8729,pairwise,CH4–T,0.009635910391807556
trajectory_000000:8729,pairwise,CH4–U_1,0.017482075840234756
trajectory_000000:8729,pairwise,CH4–p,0.5392378568649292
trajectory_000000:8729,pairwise,CO–T,0.016298973932862282
trajectory_000000:8729,pairwise,CO–U_1,0.021351799368858337
trajectory_000000:8729,pairwise,CO–p,0.3967966139316559
trajectory_000000:8729,pairwise,T–U_1,0.029291747137904167
trajectory_000000:8729,pairwise,T–p,0.26620399951934814
trajectory_000000:8729,pairwise,U_1–p,0.3393484055995941
trajectory_000000:8729,joint_top_tail,all_fields,0.6191055774688721
trajectory_000000:8729,marginal,weighted_component_total,0.1560807079076767
trajectory_000000:8729,pairwise,weighted_component_total,0.164707213640213
trajectory_000000:8729,joint_top_tail,weighted_component_total,0.6191055774688721
trajectory_000000:8729,global_distribution,family_total,0.9398934841156006
trajectory_000000:8745,marginal,CH4,0.01520672906190157
trajectory_000000:8745,marginal,CO,0.055733613669872284
trajectory_000000:8745,marginal,T,0.019994789734482765
trajectory_000000:8745,marginal,U_1,0.034464552998542786
trajectory_000000:8745,marginal,p,0.5541382431983948
trajectory_000000:8745,pairwise,CH4–CO,0.03087158501148224
trajectory_000000:8745,pairwise,CH4–T,0.02221222221851349
trajectory_000000:8745,pairwise,CH4–U_1,0.01682555302977562
trajectory_000000:8745,pairwise,CH4–p,0.42356517910957336
trajectory_000000:8745,pairwise,CO–T,0.03596127778291702
trajectory_000000:8745,pairwise,CO–U_1,0.04286910593509674
trajectory_000000:8745,pairwise,CO–p,0.3280012607574463
trajectory_000000:8745,pairwise,T–U_1,0.02402888797223568
trajectory_000000:8745,pairwise,T–p,0.22440898418426514
trajectory_000000:8745,pairwise,U_1–p,0.27734827995300293
trajectory_000000:8745,joint_top_tail,all_fields,0.46560847759246826
trajectory_000000:8745,marginal,weighted_component_total,0.1359075903892517
trajectory_000000:8745,pairwise,weighted_component_total,0.14260922372341156
trajectory_000000:8745,joint_top_tail,weighted_component_total,0.46560847759246826
trajectory_000000:8745,global_distribution,family_total,0.7441253066062927
trajectory_000000:8761,marginal,CH4,0.008552638813853264
trajectory_000000:8761,marginal,CO,0.039901476353406906
trajectory_000000:8761,marginal,T,0.00966803077608347
trajectory_000000:8761,marginal,U_1,0.09216896444559097
trajectory_000000:8761,marginal,p,0.04265604540705681
trajectory_000000:8761,pairwise,CH4–CO,0.020764168351888657
trajectory_000000:8761,pairwise,CH4–T,0.009685865603387356
trajectory_000000:8761,pairwise,CH4–U_1,0.03762870654463768
trajectory_000000:8761,pairwise,CH4–p,0.036078523844480515
trajectory_000000:8761,pairwise,CO–T,0.027268169447779655
trajectory_000000:8761,pairwise,CO–U_1,0.048660073429346085
trajectory_000000:8761,pairwise,CO–p,0.03664759546518326
trajectory_000000:8761,pairwise,T–U_1,0.06207800284028053
trajectory_000000:8761,pairwise,T–p,0.023322563618421555
trajectory_000000:8761,pairwise,U_1–p,0.07614851742982864
trajectory_000000:8761,joint_top_tail,all_fields,0.0753837302327156
trajectory_000000:8761,marginal,weighted_component_total,0.03858943283557892
trajectory_000000:8761,pairwise,weighted_component_total,0.037828218191862106
trajectory_000000:8761,joint_top_tail,weighted_component_total,0.0753837302327156
trajectory_000000:8761,global_distribution,family_total,0.15180137753486633
trajectory_000000:8777,marginal,CH4,0.0037825272884219885
trajectory_000000:8777,marginal,CO,0.07115292549133301
trajectory_000000:8777,marginal,T,0.005148897413164377
trajectory_000000:8777,marginal,U_1,0.1686268299818039
trajectory_000000:8777,marginal,p,0.06725453585386276
trajectory_000000:8777,pairwise,CH4–CO,0.030729230493307114
trajectory_000000:8777,pairwise,CH4–T,0.0041871340945363045
trajectory_000000:8777,pairwise,CH4–U_1,0.055211517959833145
trajectory_000000:8777,pairwise,CH4–p,0.052626729011535645
trajectory_000000:8777,pairwise,CO–T,0.035786375403404236
trajectory_000000:8777,pairwise,CO–U_1,0.1046864315867424
trajectory_000000:8777,pairwise,CO–p,0.06611479073762894
trajectory_000000:8777,pairwise,T–U_1,0.098314568400383
trajectory_000000:8777,pairwise,T–p,0.029274363070726395
trajectory_000000:8777,pairwise,U_1–p,0.10573950409889221
trajectory_000000:8777,joint_top_tail,all_fields,0.13108333945274353
trajectory_000000:8777,marginal,weighted_component_total,0.06319314241409302
trajectory_000000:8777,pairwise,weighted_component_total,0.05826706811785698
trajectory_000000:8777,joint_top_tail,weighted_component_total,0.13108333945274353
trajectory_000000:8777,global_distribution,family_total,0.252543568611145
trajectory_000000:8792,marginal,CH4,0.005301137920469046
trajectory_000000:8792,marginal,CO,0.011219958774745464
trajectory_000000:8792,marginal,T,0.010785250924527645
trajectory_000000:8792,marginal,U_1,0.031031323596835136
trajectory_000000:8792,marginal,p,0.18925297260284424
trajectory_000000:8792,pairwise,CH4–CO,0.01090291514992714
trajectory_000000:8792,pairwise,CH4–T,0.009899177588522434
trajectory_000000:8792,pairwise,CH4–U_1,0.013441738672554493
trajectory_000000:8792,pairwise,CH4–p,0.14835962653160095
trajectory_000000:8792,pairwise,CO–T,0.015228789299726486
trajectory_000000:8792,pairwise,CO–U_1,0.019113441929221153
trajectory_000000:8792,pairwise,CO–p,0.11339528113603592
trajectory_000000:8792,pairwise,T–U_1,0.02137027122080326
trajectory_000000:8792,pairwise,T–p,0.07804737985134125
trajectory_000000:8792,pairwise,U_1–p,0.09455876797437668
trajectory_000000:8792,joint_top_tail,all_fields,0.18224141001701355
trajectory_000000:8792,marginal,weighted_component_total,0.04951813071966171
trajectory_000000:8792,pairwise,weighted_component_total,0.05243173986673355
trajectory_000000:8792,joint_top_tail,weighted_component_total,0.18224141001701355
trajectory_000000:8792,global_distribution,family_total,0.2841912806034088
trajectory_000000:8808,marginal,CH4,0.012321862392127514
trajectory_000000:8808,marginal,CO,0.06364554166793823
trajectory_000000:8808,marginal,T,0.019990231841802597
trajectory_000000:8808,marginal,U_1,0.06488310545682907
trajectory_000000:8808,marginal,p,0.8188554644584656
trajectory_000000:8808,pairwise,CH4–CO,0.03376730903983116
trajectory_000000:8808,pairwise,CH4–T,0.020950177684426308
trajectory_000000:8808,pairwise,CH4–U_1,0.031631261110305786
trajectory_000000:8808,pairwise,CH4–p,0.6333597302436829
trajectory_000000:8808,pairwise,CO–T,0.03808354213833809
trajectory_000000:8808,pairwise,CO–U_1,0.046231210231781006
trajectory_000000:8808,pairwise,CO–p,0.4826878011226654
trajectory_000000:8808,pairwise,T–U_1,0.050006259232759476
trajectory_000000:8808,pairwise,T–p,0.3240335285663605
trajectory_000000:8808,pairwise,U_1–p,0.45104148983955383
trajectory_000000:8808,joint_top_tail,all_fields,0.7312764525413513
trajectory_000000:8808,marginal,weighted_component_total,0.19593922793865204
trajectory_000000:8808,pairwise,weighted_component_total,0.2111792117357254
trajectory_000000:8808,joint_top_tail,weighted_component_total,0.7312764525413513
trajectory_000000:8808,global_distribution,family_total,1.138394832611084
trajectory_000000:8824,marginal,CH4,0.0038977214135229588
trajectory_000000:8824,marginal,CO,0.03568417951464653
trajectory_000000:8824,marginal,T,0.007634533103555441
trajectory_000000:8824,marginal,U_1,0.07890719175338745
trajectory_000000:8824,marginal,p,0.8782945275306702
trajectory_000000:8824,pairwise,CH4–CO,0.015936678275465965
trajectory_000000:8824,pairwise,CH4–T,0.006529647391289473
trajectory_000000:8824,pairwise,CH4–U_1,0.02983519248664379
trajectory_000000:8824,pairwise,CH4–p,0.6745983958244324
trajectory_000000:8824,pairwise,CO–T,0.01816442236304283
trajectory_000000:8824,pairwise,CO–U_1,0.0427912212908268
trajectory_000000:8824,pairwise,CO–p,0.5050356984138489
trajectory_000000:8824,pairwise,T–U_1,0.0525495707988739
trajectory_000000:8824,pairwise,T–p,0.33707064390182495
trajectory_000000:8824,pairwise,U_1–p,0.4785591959953308
trajectory_000000:8824,joint_top_tail,all_fields,0.7436941862106323
trajectory_000000:8824,marginal,weighted_component_total,0.2008836269378662
trajectory_000000:8824,pairwise,weighted_component_total,0.2161070555448532
trajectory_000000:8824,joint_top_tail,weighted_component_total,0.7436941862106323
trajectory_000000:8824,global_distribution,family_total,1.1606848239898682
trajectory_000000:8840,marginal,CH4,0.037312768399715424
trajectory_000000:8840,marginal,CO,0.0376923643052578
trajectory_000000:8840,marginal,T,0.010876292362809181
trajectory_000000:8840,marginal,U_1,0.0874752402305603
trajectory_000000:8840,marginal,p,0.09164354205131531
trajectory_000000:8840,pairwise,CH4–CO,0.02122879959642887
trajectory_000000:8840,pairwise,CH4–T,0.019561974331736565
trajectory_000000:8840,pairwise,CH4–U_1,0.03858567774295807
trajectory_000000:8840,pairwise,CH4–p,0.07254864275455475
trajectory_000000:8840,pairwise,CO–T,0.020947623997926712
trajectory_000000:8840,pairwise,CO–U_1,0.051179565489292145
trajectory_000000:8840,pairwise,CO–p,0.06870163232088089
trajectory_000000:8840,pairwise,T–U_1,0.05450335517525673
trajectory_000000:8840,pairwise,T–p,0.038811877369880676
trajectory_000000:8840,pairwise,U_1–p,0.11050456762313843
trajectory_000000:8840,joint_top_tail,all_fields,0.0895593911409378
trajectory_000000:8840,marginal,weighted_component_total,0.05300004780292511
trajectory_000000:8840,pairwise,weighted_component_total,0.049657370895147324
trajectory_000000:8840,joint_top_tail,weighted_component_total,0.0895593911409378
trajectory_000000:8840,global_distribution,family_total,0.19221681356430054
trajectory_000000:8856,marginal,CH4,0.0005262543563731015
trajectory_000000:8856,marginal,CO,0.01272563636302948
trajectory_000000:8856,marginal,T,0.004256144631654024
trajectory_000000:8856,marginal,U_1,0.07303393632173538
trajectory_000000:8856,marginal,p,0.42693808674812317
trajectory_000000:8856,pairwise,CH4–CO,0.005723903886973858
trajectory_000000:8856,pairwise,CH4–T,0.002624818589538336
trajectory_000000:8856,pairwise,CH4–U_1,0.02442970499396324
trajectory_000000:8856,pairwise,CH4–p,0.3174454867839813
trajectory_000000:8856,pairwise,CO–T,0.006561200134456158
trajectory_000000:8856,pairwise,CO–U_1,0.024331582710146904
trajectory_000000:8856,pairwise,CO–p,0.2329874187707901
trajectory_000000:8856,pairwise,T–U_1,0.04435896873474121
trajectory_000000:8856,pairwise,T–p,0.15830466151237488
trajectory_000000:8856,pairwise,U_1–p,0.2242537885904312
trajectory_000000:8856,joint_top_tail,all_fields,0.37480294704437256
trajectory_000000:8856,marginal,weighted_component_total,0.1034960150718689
trajectory_000000:8856,pairwise,weighted_component_total,0.10410215705633163
trajectory_000000:8856,joint_top_tail,weighted_component_total,0.37480294704437256
trajectory_000000:8856,global_distribution,family_total,0.5824011564254761
trajectory_000000:8872,marginal,CH4,0.0021705368999391794
trajectory_000000:8872,marginal,CO,0.014682500623166561
trajectory_000000:8872,marginal,T,0.009898885153234005
trajectory_000000:8872,marginal,U_1,0.09480560570955276
trajectory_000000:8872,marginal,p,0.08280487358570099
trajectory_000000:8872,pairwise,CH4–CO,0.008552145212888718
trajectory_000000:8872,pairwise,CH4–T,0.007762433961033821
trajectory_000000:8872,pairwise,CH4–U_1,0.035198964178562164
trajectory_000000:8872,pairwise,CH4–p,0.07157096266746521
trajectory_000000:8872,pairwise,CO–T,0.013132858090102673
trajectory_000000:8872,pairwise,CO–U_1,0.03707580640912056
trajectory_000000:8872,pairwise,CO–p,0.052395809441804886
trajectory_000000:8872,pairwise,T–U_1,0.062207937240600586
trajectory_000000:8872,pairwise,T–p,0.038662202656269073
trajectory_000000:8872,pairwise,U_1–p,0.10343608260154724
trajectory_000000:8872,joint_top_tail,all_fields,0.08904391527175903
trajectory_000000:8872,marginal,weighted_component_total,0.0408724844455719
trajectory_000000:8872,pairwise,weighted_component_total,0.042999524623155594
trajectory_000000:8872,joint_top_tail,weighted_component_total,0.08904391527175903
trajectory_000000:8872,global_distribution,family_total,0.17291592061519623
trajectory_000000:8888,marginal,CH4,0.012426631525158882
trajectory_000000:8888,marginal,CO,0.01525664422661066
trajectory_000000:8888,marginal,T,0.013831892982125282
trajectory_000000:8888,marginal,U_1,0.21311870217323303
trajectory_000000:8888,marginal,p,0.35884955525398254
trajectory_000000:8888,pairwise,CH4–CO,0.01237991452217102
trajectory_000000:8888,pairwise,CH4–T,0.01245138794183731
trajectory_000000:8888,pairwise,CH4–U_1,0.07521245628595352
trajectory_000000:8888,pairwise,CH4–p,0.27244094014167786
trajectory_000000:8888,pairwise,CO–T,0.01716766506433487
trajectory_000000:8888,pairwise,CO–U_1,0.06546678394079208
trajectory_000000:8888,pairwise,CO–p,0.19847913086414337
trajectory_000000:8888,pairwise,T–U_1,0.13255131244659424
trajectory_000000:8888,pairwise,T–p,0.1381218433380127
trajectory_000000:8888,pairwise,U_1–p,0.32117700576782227
trajectory_000000:8888,joint_top_tail,all_fields,0.3119524419307709
trajectory_000000:8888,marginal,weighted_component_total,0.12269668281078339
trajectory_000000:8888,pairwise,weighted_component_total,0.12454484403133392
trajectory_000000:8888,joint_top_tail,weighted_component_total,0.3119524419307709
trajectory_000000:8888,global_distribution,family_total,0.5591939687728882
trajectory_000000:8903,marginal,CH4,0.010021020658314228
trajectory_000000:8903,marginal,CO,0.05026742070913315
trajectory_000000:8903,marginal,T,0.011266956105828285
trajectory_000000:8903,marginal,U_1,0.03695427626371384
trajectory_000000:8903,marginal,p,0.26989632844924927
trajectory_000000:8903,pairwise,CH4–CO,0.02556011453270912
trajectory_000000:8903,pairwise,CH4–T,0.01131283026188612
trajectory_000000:8903,pairwise,CH4–U_1,0.01598288118839264
trajectory_000000:8903,pairwise,CH4–p,0.21355177462100983
trajectory_000000:8903,pairwise,CO–T,0.030826879665255547
trajectory_000000:8903,pairwise,CO–U_1,0.0406796969473362
trajectory_000000:8903,pairwise,CO–p,0.16873221099376678
trajectory_000000:8903,pairwise,T–U_1,0.025950457900762558
trajectory_000000:8903,pairwise,T–p,0.10514049232006073
trajectory_000000:8903,pairwise,U_1–p,0.144050732254982
trajectory_000000:8903,joint_top_tail,all_fields,0.24837052822113037
trajectory_000000:8903,marginal,weighted_component_total,0.07568120211362839
trajectory_000000:8903,pairwise,weighted_component_total,0.07817880809307098
trajectory_000000:8903,joint_top_tail,weighted_component_total,0.24837052822113037
trajectory_000000:8903,global_distribution,family_total,0.40223053097724915
trajectory_000000:8919,marginal,CH4,0.0015023781452327967
trajectory_000000:8919,marginal,CO,0.018252912908792496
trajectory_000000:8919,marginal,T,0.002183713251724839
trajectory_000000:8919,marginal,U_1,0.010822082869708538
trajectory_000000:8919,marginal,p,0.9098464846611023
trajectory_000000:8919,pairwise,CH4–CO,0.008131632581353188
trajectory_000000:8919,pairwise,CH4–T,0.0014251376269385219
trajectory_000000:8919,pairwise,CH4–U_1,0.0051492732018232346
trajectory_000000:8919,pairwise,CH4–p,0.6960265636444092
trajectory_000000:8919,pairwise,CO–T,0.009166117757558823
trajectory_000000:8919,pairwise,CO–U_1,0.01333983801305294
trajectory_000000:8919,pairwise,CO–p,0.5115975141525269
trajectory_000000:8919,pairwise,T–U_1,0.007761519402265549
trajectory_000000:8919,pairwise,T–p,0.3363732695579529
trajectory_000000:8919,pairwise,U_1–p,0.44053977727890015
trajectory_000000:8919,joint_top_tail,all_fields,0.7908521890640259
trajectory_000000:8919,marginal,weighted_component_total,0.18852151930332184
trajectory_000000:8919,pairwise,weighted_component_total,0.20295104384422302
trajectory_000000:8919,joint_top_tail,weighted_component_total,0.7908521890640259
trajectory_000000:8919,global_distribution,family_total,1.182324767112732
trajectory_000000:8935,marginal,CH4,0.009480498731136322
trajectory_000000:8935,marginal,CO,0.011679504998028278
trajectory_000000:8935,marginal,T,0.010112226940691471
trajectory_000000:8935,marginal,U_1,0.0386451855301857
trajectory_000000:8935,marginal,p,0.12597140669822693
trajectory_000000:8935,pairwise,CH4–CO,0.0097660506144166
trajectory_000000:8935,pairwise,CH4–T,0.011468879878520966
trajectory_000000:8935,pairwise,CH4–U_1,0.019864607602357864
trajectory_000000:8935,pairwise,CH4–p,0.0920737087726593
trajectory_000000:8935,pairwise,CO–T,0.012010025791823864
trajectory_000000:8935,pairwise,CO–U_1,0.013911036774516106
trajectory_000000:8935,pairwise,CO–p,0.08313748985528946
trajectory_000000:8935,pairwise,T–U_1,0.02735058404505253
trajectory_000000:8935,pairwise,T–p,0.05533928424119949
trajectory_000000:8935,pairwise,U_1–p,0.0942324697971344
trajectory_000000:8935,joint_top_tail,all_fields,0.12110067158937454
trajectory_000000:8935,marginal,weighted_component_total,0.03917776793241501
trajectory_000000:8935,pairwise,weighted_component_total,0.041915412992239
trajectory_000000:8935,joint_top_tail,weighted_component_total,0.12110067158937454
trajectory_000000:8935,global_distribution,family_total,0.20219385623931885
trajectory_000000:8951,marginal,CH4,0.007913969457149506
trajectory_000000:8951,marginal,CO,0.014510377310216427
trajectory_000000:8951,marginal,T,0.016115734353661537
trajectory_000000:8951,marginal,U_1,0.16148535907268524
trajectory_000000:8951,marginal,p,0.7291505336761475
trajectory_000000:8951,pairwise,CH4–CO,0.010873855091631413
trajectory_000000:8951,pairwise,CH4–T,0.015633661299943924
trajectory_000000:8951,pairwise,CH4–U_1,0.06705975532531738
trajectory_000000:8951,pairwise,CH4–p,0.5779433846473694
trajectory_000000:8951,pairwise,CO–T,0.015690479427576065
trajectory_000000:8951,pairwise,CO–U_1,0.06993570178747177
trajectory_000000:8951,pairwise,CO–p,0.4132596552371979
trajectory_000000:8951,pairwise,T–U_1,0.10902976244688034
trajectory_000000:8951,pairwise,T–p,0.2950841784477234
trajectory_000000:8951,pairwise,U_1–p,0.5135980248451233
trajectory_000000:8951,joint_top_tail,all_fields,0.6818984150886536
trajectory_000000:8951,marginal,weighted_component_total,0.18583519756793976
trajectory_000000:8951,pairwise,weighted_component_total,0.20881083607673645
trajectory_000000:8951,joint_top_tail,weighted_component_total,0.6818984150886536
trajectory_000000:8951,global_distribution,family_total,1.0765445232391357
trajectory_000000:8967,marginal,CH4,0.009303631260991096
trajectory_000000:8967,marginal,CO,0.07104118168354034
trajectory_000000:8967,marginal,T,0.006698263809084892
trajectory_000000:8967,marginal,U_1,0.03694608435034752
trajectory_000000:8967,marginal,p,0.09054147452116013
trajectory_000000:8967,pairwise,CH4–CO,0.03075963445007801
trajectory_000000:8967,pairwise,CH4–T,0.005842073820531368
trajectory_000000:8967,pairwise,CH4–U_1,0.01907620020210743
trajectory_000000:8967,pairwise,CH4–p,0.06449834257364273
trajectory_000000:8967,pairwise,CO–T,0.03665905445814133
trajectory_000000:8967,pairwise,CO–U_1,0.05960208177566528
trajectory_000000:8967,pairwise,CO–p,0.07784706354141235
trajectory_000000:8967,pairwise,T–U_1,0.027002621442079544
trajectory_000000:8967,pairwise,T–p,0.033573731780052185
trajectory_000000:8967,pairwise,U_1–p,0.0484086237847805
trajectory_000000:8967,joint_top_tail,all_fields,0.09825314581394196
trajectory_000000:8967,marginal,weighted_component_total,0.042906127870082855
trajectory_000000:8967,pairwise,weighted_component_total,0.04032694548368454
trajectory_000000:8967,joint_top_tail,weighted_component_total,0.09825314581394196
trajectory_000000:8967,global_distribution,family_total,0.18148621916770935
trajectory_000000:8983,marginal,CH4,0.03736065700650215
trajectory_000000:8983,marginal,CO,0.01586432009935379
trajectory_000000:8983,marginal,T,0.027768949046730995
trajectory_000000:8983,marginal,U_1,0.016943516209721565
trajectory_000000:8983,marginal,p,0.21961916983127594
trajectory_000000:8983,pairwise,CH4–CO,0.01943320408463478
trajectory_000000:8983,pairwise,CH4–T,0.03740688040852547
trajectory_000000:8983,pairwise,CH4–U_1,0.019886871799826622
trajectory_000000:8983,pairwise,CH4–p,0.1682196855545044
trajectory_000000:8983,pairwise,CO–T,0.022854777052998543
trajectory_000000:8983,pairwise,CO–U_1,0.01620139740407467
trajectory_000000:8983,pairwise,CO–p,0.1212233155965805
trajectory_000000:8983,pairwise,T–U_1,0.01555942464619875
trajectory_000000:8983,pairwise,T–p,0.09517595171928406
trajectory_000000:8983,pairwise,U_1–p,0.10625021159648895
trajectory_000000:8983,joint_top_tail,all_fields,0.18696889281272888
trajectory_000000:8983,marginal,weighted_component_total,0.06351132690906525
trajectory_000000:8983,pairwise,weighted_component_total,0.06222117692232132
trajectory_000000:8983,joint_top_tail,weighted_component_total,0.18696889281272888
trajectory_000000:8983,global_distribution,family_total,0.31270140409469604
trajectory_000000:8999,marginal,CH4,0.005890623200684786
trajectory_000000:8999,marginal,CO,0.016385631635785103
trajectory_000000:8999,marginal,T,0.009745178744196892
trajectory_000000:8999,marginal,U_1,0.013546451926231384
trajectory_000000:8999,marginal,p,0.31728458404541016
trajectory_000000:8999,pairwise,CH4–CO,0.007881038822233677
trajectory_000000:8999,pairwise,CH4–T,0.007908963598310947
trajectory_000000:8999,pairwise,CH4–U_1,0.007286779582500458
trajectory_000000:8999,pairwise,CH4–p,0.24044576287269592
trajectory_000000:8999,pairwise,CO–T,0.013402748852968216
trajectory_000000:8999,pairwise,CO–U_1,0.011395296081900597
trajectory_000000:8999,pairwise,CO–p,0.18553924560546875
trajectory_000000:8999,pairwise,T–U_1,0.010441051796078682
trajectory_000000:8999,pairwise,T–p,0.11961816996335983
trajectory_000000:8999,pairwise,U_1–p,0.14872878789901733
trajectory_000000:8999,joint_top_tail,all_fields,0.27327483892440796
trajectory_000000:8999,marginal,weighted_component_total,0.07257048785686493
trajectory_000000:8999,pairwise,weighted_component_total,0.07526478916406631
trajectory_000000:8999,joint_top_tail,weighted_component_total,0.27327483892440796
trajectory_000000:8999,global_distribution,family_total,0.4211101233959198
